artist,song,popularity,key,mode
The Neighbourhood,Sweater Weather,89,10,1
Tom Odell,Another Love,88,4,0
Eminem,Without Me,87,7,1
WILLOW,Wait a Minute!,86,3,0
Billie Eilish,lovely (with Khalid),86,4,0
Billie Eilish,lovely (with Khalid),86,4,0
Eminem,The Real Slim Shady,86,5,0
Post Malone,Circles,85,0,1
Eminem,Till I Collapse,85,1,1
Bruno Mars,Locked out of Heaven,85,5,1
Bruno Mars,Locked out of Heaven,85,5,1
Avicii,The Nights,85,6,1
Ed Sheeran,Perfect,85,8,1
The Neighbourhood,Daddy Issues,85,10,1
The Weeknd,The Hills,84,0,0
Drake,One Dance,84,1,1
Ed Sheeran,Shape of You,84,1,0
Lewis Capaldi,Someone You Loved,84,1,1
Arctic Monkeys,Why'd You Only Call Me When You're High?,84,2,1
Gesaffelstein,Lost in the Fire (feat. The Weeknd),84,2,1
Arctic Monkeys,Do I Wanna Know?,84,5,1
Juice WRLD,Lucid Dreams,84,6,0
Sean Paul,No Lie,84,7,1
Billie Eilish,Bored,84,7,1
John Legend,All of Me,84,8,1
Bruno Mars,When I Was Your Man,83,0,1
XXXTENTACION,Jocelyn Flores,83,0,0
Ariana Grande,7 rings,83,1,0
Linkin Park,In the End,83,3,0
Linkin Park,In the End,83,3,0
Twenty One Pilots,Stressed Out,83,4,0
Tame Impala,The Less I Know The Better,83,4,1
Post Malone,rockstar (feat. 21 Savage),83,5,0
Eminem,Stan,83,6,0
Daft Punk,Get Lucky (feat. Pharrell Williams & Nile Rodgers) - Radio Edit,83,6,0
Travis Scott,goosebumps,83,7,1
Billie Eilish,bad guy,83,7,1
One Direction,Night Changes,83,8,1
The Chainsmokers,Closer,83,8,1
The Chainsmokers,Something Just Like This,83,11,0
Mark Ronson,Uptown Funk (feat. Bruno Mars),82,0,1
Coldplay,Hymn for the Weekend,82,0,0
JAY-Z,Ni**as In Paris,82,1,1
MKTO,Classic,82,1,1
Alec Benjamin,Let Me Down Slowly,82,1,0
Outkast,Ms. Jackson,82,4,0
Maroon 5,Payphone,82,4,1
One Direction,What Makes You Beautiful,82,4,1
Coldplay,Paradise,82,5,1
Foster The People,Pumped Up Kicks,82,5,0
Coldplay,Paradise,82,5,1
Taylor Swift,Blank Space,82,5,1
Marshmello,Happier,82,5,1
Gorillaz,Feel Good Inc.,82,6,1
French Montana,Unforgettable,82,6,1
girl in red,we fell in love in october,82,7,1
Lady Gaga,Shallow,82,7,1
XXXTENTACION,SAD!,82,8,1
XXXTENTACION,Moonlight,82,9,0
Dr. Dre,The Next Episode,82,10,0
Shakira,Hips Don't Lie (feat. Wyclef Jean),82,10,0
Nelly Furtado,Promiscuous,82,10,0
Kanye West,Heartless,82,10,0
Shawn Mendes,Treat You Better,82,10,0
JAY-Z,Empire State Of Mind,82,11,1
Rihanna,Umbrella,81,1,1
Nelly Furtado,Say It Right,81,1,1
Usher,Yeah! (feat. Lil Jon & Ludacris),81,2,1
Macklemore & Ryan Lewis,Can't Hold Us (feat. Ray Dalton),81,2,1
Ed Sheeran,Thinking out Loud,81,2,1
Bad Bunny,Callaita,81,2,1
Imagine Dragons,Demons,81,3,1
One Direction,Story of My Life,81,3,1
Hozier,Take Me To Church,81,4,0
Britney Spears,Toxic,81,5,0
Justin Bieber,Baby,81,5,0
50 Cent,In Da Club,81,6,0
MGMT,Little Dark Age,81,6,1
Post Malone,Congratulations,81,6,1
Drake,God's Plan,81,7,1
Regard,Ride It,81,7,0
Pitbull,Give Me Everything (feat. Ne-Yo Afrojack & Nayer),81,8,1
DJ Snake,Let Me Love You,81,8,1
Travis Scott,SICKO MODE,81,8,1
Travis Scott,SICKO MODE,81,8,1
Linkin Park,Numb,81,9,1
Gym Class Heroes,Stereo Hearts (feat. Adam Levine),81,9,1
Calvin Harris,One Kiss (with Dua Lipa),81,9,0
Lauv,I Like Me Better,81,9,1
Eminem,Love The Way You Lie,81,10,1
Wiz Khalifa,See You Again (feat. Charlie Puth),81,10,1
Lil Uzi Vert,XO Tour Llif3,81,11,0
Black Eyed Peas,I Gotta Feeling,80,0,1
Lady Gaga,Bad Romance,80,0,1
Lady Gaga,Bad Romance,80,0,1
Sam Smith,Stay With Me,80,0,1
Justin Bieber,Sorry,80,0,0
Justin Bieber,Sorry,80,0,0
MAGIC!,Rude,80,1,1
Vance Joy,Riptide,80,1,1
Pitbull,Time of Our Lives,80,1,1
The Weeknd,Call Out My Name,80,1,1
Anne-Marie,2002,80,1,0
Kesha,TiK ToK,80,2,0
Chord Overstreet,Hold On,80,2,1
Imagine Dragons,Natural,80,2,1
Timbaland,The Way I Are,80,3,0
Outkast,Hey Ya!,80,4,0
My Chemical Romance,Teenagers,80,4,1
Taio Cruz,Dynamite,80,4,1
Fall Out Boy,Centuries,80,4,0
Twenty One Pilots,Heathens,80,4,0
Marshmello,Silence,80,4,1
Coldplay,Viva La Vida,80,5,0
Rihanna,Needed Me,80,5,0
Panic! At The Disco,High Hopes,80,5,1
Coldplay,A Sky Full of Stars,80,6,1
Twenty One Pilots,Ride,80,6,1
Zedd,The Middle,80,7,1
Lana Del Rey,Doin' Time,80,7,0
Kanye West,All Falls Down,80,8,0
Paloma Faith,Only Love Can Hurt Like This,80,8,1
Kendrick Lamar,All The Stars (with SZA),80,8,1
J. Cole,MIDDLE CHILD,80,8,1
Red Hot Chili Peppers,Can't Stop,80,9,1
Kings of Leon,Sex on Fire,80,9,1
Kings of Leon,Sex on Fire,80,9,1
Offset,Ric Flair Drip (with Metro Boomin),80,9,1
Tyler The Creator,EARFQUAKE,80,9,1
Flo Rida,Low (feat. T-Pain),80,10,0
Imagine Dragons,Whatever It Takes,80,10,0
Post Malone,Better Now,80,10,1
Kendrick Lamar,LOVE. FEAT. ZACARI.,80,10,1
Post Malone,Better Now,80,10,1
Pitbull,Timber (feat. Ke$ha),80,11,1
blink-182,All The Small Things,79,0,1
Eminem,Not Afraid,79,0,0
David Guetta,Titanium (feat. Sia),79,0,0
One Direction,Drag Me Down,79,0,0
Selena Gomez & The Scene,Love You Like A Love Song,79,1,0
Of Monsters and Men,Little Talks,79,1,1
Charlie Puth,We Don't Talk Anymore (feat. Selena Gomez),79,1,0
Jonas Brothers,Sucker,79,1,0
Britney Spears,Gimme More,79,2,1
Future,Mask Off,79,2,1
Post Malone,Sunflower - Spider-Man: Into the Spider-Verse,79,2,1
Jennifer Lopez,On The Floor,79,3,0
Grouplove,Tongue Tied,79,3,1
Evanescence,Bring Me To Life,79,4,0
Hoobastank,The Reason,79,4,1
Maroon 5,Animals,79,4,0
DNCE,Cake By The Ocean,79,4,0
Coldplay,Clocks,79,5,0
Coldplay,Clocks,79,5,0
Paramore,Still into You,79,5,1
Pharrell Williams,"Happy - From ""Despicable Me 2""",79,5,0
Sam Smith,Too Good At Goodbyes,79,5,1
Cardi B,I Like It,79,5,0
NF,Let You Down,79,5,0
Lil Baby,Yes Indeed,79,5,0
Nelly Furtado,Maneater,79,6,1
Avicii,Waiting For Love,79,6,0
Lil Nas X,Old Town Road - Remix,79,6,1
Usher,DJ Got Us Fallin' In Love (feat. Pitbull),79,7,0
Calvin Harris,Feel So Close - Radio Edit,79,7,1
Taylor Swift,Shake It Off,79,7,1
Sam Smith,Like I Can,79,7,0
Mark Ronson,Nothing Breaks Like a Heart (feat. Miley Cyrus),79,7,0
Dr. Dre,Forgot About Dre,79,8,1
Demi Lovato,Heart Attack,79,8,1
Ariana Grande,One Last Time,79,8,1
Daddy Yankee,Con Calma,79,8,0
The Weeknd,Can't Feel My Face,79,9,0
Calvin Harris,This Is What You Came For (feat. Rihanna),79,9,0
Frank Ocean,Pink + White,79,9,1
The Fray,How to Save a Life,79,10,1
Miley Cyrus,Party In The U.S.A.,79,10,0
One Direction,Steal My Girl,79,10,0
50 Cent,Candy Shop,79,11,1
Red Hot Chili Peppers,Snow (Hey Oh),79,11,1
The Chainsmokers,Don't Let Me Down,79,11,1
Calvin Harris,Feels (feat. Pharrell Williams Katy Perry & Big Sean),79,11,0
XXXTENTACION,changes,79,11,1
Dean Lewis,Be Alright,79,11,1
Post Malone,Wow.,79,11,0
Dua Lipa,Don't Start Now,79,11,0
Bon Jovi,It's My Life,78,0,0
Red Hot Chili Peppers,Otherside,78,0,1
Sean Paul,Temperature,78,0,0
The Offspring,You're Gonna Go Far Kid,78,0,1
Estelle,American Boy,78,0,1
The Weeknd,I Feel It Coming,78,0,0
Kanye West,Gold Digger,78,1,0
Sean Kingston,Beautiful Girls,78,1,0
Kesha,Die Young,78,1,0
Miley Cyrus,We Can't Stop,78,1,0
Sia,Chandelier,78,1,1
Shawn Mendes,Stitches,78,1,1
Bruno Mars,24K Magic,78,1,1
Ariana Grande,God is a woman,78,1,1
Polo G,Pop Out (feat. Lil Tjay),78,1,1
21 Savage,a lot,78,1,1
Jimmy Eat World,The Middle,78,2,1
Plain White T's,Hey There Delilah,78,2,1
Bruno Mars,Grenade,78,2,0
Becky G,Shower,78,2,1
Calvin Harris,Outside (feat. Ellie Goulding),78,2,0
Owl City,Fireflies,78,3,1
MARINA,Primadonna,78,4,0
Meek Mill,Going Bad (feat. Drake),78,4,0
Avril Lavigne,Complicated,78,5,1
will.i.am,Scream & Shout,78,5,1
Justin Timberlake,Mirrors,78,5,0
Bruno Mars,Treasure,78,5,0
Alan Walker,Faded,78,6,1
Dynoro,In My Mind,78,6,1
Tones And I,Dance Monkey,78,6,0
Justin Timberlake,SexyBack (feat. Timbaland),78,7,0
Carly Rae Jepsen,Call Me Maybe,78,7,1
Dua Lipa,IDGAF,78,7,1
Lil Tecca,Ransom,78,7,0
Dominic Fike,3 Nights,78,7,0
Ellie Goulding,"Love Me Like You Do - From ""Fifty Shades Of Grey""",78,8,1
Taylor Swift,Wildest Dreams,78,8,1
Foo Fighters,The Pretender,78,9,1
Marshmello,FRIENDS,78,9,0
Shawn Mendes,Señorita,78,9,0
Dave,Location (feat. Burna Boy),78,9,0
Taylor Swift,Cruel Summer,78,9,1
Nickelback,How You Remind Me,78,10,1
The Script,Hall of Fame (feat. will.i.am),78,10,1
3 Doors Down,Kryptonite,78,11,0
Miguel,Sure Thing,78,11,0
Bryson Tiller,Don't,78,11,0
Bryson Tiller,Don't,78,11,0
Selena Gomez,Wolves,78,11,0
Train,Drops of Jupiter (Tell Me),77,0,1
Eminem,Mockingbird,77,0,1
Flo Rida,Whistle,77,0,1
Snoop Dogg,Young Wild & Free (feat. Bruno Mars),77,0,1
Jessie J,Bang Bang,77,0,0
G-Eazy,Me Myself & I,77,0,0
Britney Spears,Oops!...I Did It Again,77,1,0
Green Day,American Idiot,77,1,1
Alicia Keys,No One,77,1,0
Stromae,Alors on danse - Radio Edit,77,1,0
Avicii,Levels - Radio Edit,77,1,0
Train,Drive By,77,1,0
R. City,Locked Away (feat. Adam Levine),77,1,1
Martin Garrix,Scared to Be Lonely,77,1,0
Nelly,Dilemma,77,2,0
Eminem,"Lose Yourself - From ""8 Mile"" Soundtrack",77,2,1
Drake,Hotline Bling,77,2,1
One Direction,Perfect,77,2,1
Lil Peep,Save That Shit,77,2,1
Avicii,Without You (feat. Sandro Cavazza),77,2,1
Owl City,Good Time,77,3,1
Franz Ferdinand,Take Me Out,77,4,0
Lady Gaga,Poker Face,77,4,1
Sheck Wes,Mo Bamba,77,4,1
Maroon 5,This Love,77,5,0
Linkin Park,What I've Done,77,5,1
Empire of the Sun,Walking On A Dream,77,5,0
Bruno Mars,Just the Way You Are,77,5,1
Flo Rida,Wild Ones (feat. Sia),77,5,0
Miley Cyrus,Wrecking Ball,77,5,1
Rixton,Me And My Broken Heart,77,5,0
Justin Bieber,What Do You Mean?,77,5,0
Jeremih,oui,77,5,1
Modjo,Lady - Hear Me Tonight,77,6,1
Rihanna,Don't Stop The Music,77,6,0
Garrett Nash,i hate u i love u (feat. olivia o'brien),77,6,0
Halsey,Without Me,77,6,1
Bad Bunny,MIA (feat. Drake),77,6,0
Rihanna,Pon de Replay,77,7,1
The Wanted,Glad You Came,77,7,0
Lorde,Royals,77,7,1
Pitbull,Feel This Moment (feat. Christina Aguilera),77,7,1
Taylor Swift,Style,77,7,1
Mike Posner,I Took A Pill In Ibiza - Seeb Remix,77,7,0
Drake,Nonstop,77,7,1
Drake,Nice For What,77,8,1
Post Malone,Psycho (feat. Ty Dolla $ign),77,8,1
Kodak Black,ZEZE (feat. Travis Scott & Offset),77,8,0
The Game,Hate It Or Love It,77,9,1
MGMT,Kids,77,9,1
Imagine Dragons,Radioactive,77,9,1
Ariana Grande,no tears left to cry,77,9,0
Mabel,Don't Call Me Up,77,9,1
Ariana Grande,boyfriend (with Social House),77,10,0
Maroon 5,"Moves Like Jagger - Studio Recording From ""The Voice"" Performance",77,11,0
ZAYN,Dusk Till Dawn (feat. Sia) - Radio Edit,77,11,0
Playboi Carti,Magnolia,77,11,0
Shaggy,It Wasn't Me,76,0,1
Red Hot Chili Peppers,Dani California,76,0,1
Flo Rida,Club Can't Handle Me (feat. David Guetta),76,0,1
Black Eyed Peas,Just Can’t Get Enough,76,0,0
Justin Timberlake,"CAN'T STOP THE FEELING! (from DreamWorks Animation's ""TROLLS"")",76,0,1
Alessia Cara,Scars To Your Beautiful,76,0,1
50 Cent,Just A Lil Bit,76,1,1
Foo Fighters,Best of You,76,1,0
Lady Gaga,Just Dance,76,1,0
Bruno Mars,Talking to the Moon,76,1,0
Waka Flocka Flame,No Hands (feat. Roscoe Dash & Wale),76,1,1
Kanye West,All Of The Lights,76,1,1
Flo Rida,Good Feeling,76,1,0
A$AP Rocky,F**kin' Problems (feat. Drake 2 Chainz & Kendrick Lamar),76,1,1
One Direction,Best Song Ever,76,1,1
Lil Nas X,Old Town Road,76,1,1
Daft Punk,One More Time,76,2,1
Beyoncé,Crazy In Love (feat. Jay-Z),76,2,0
JAY-Z,Numb / Encore,76,2,1
My Chemical Romance,Welcome to the Black Parade,76,2,1
All Time Low,Dear Maria Count Me In,76,2,1
P!nk,Try,76,2,1
P!nk,Try,76,2,1
The Weeknd,"Earned It (Fifty Shades Of Grey) - From The ""Fifty Shades Of Grey"" Soundtrack",76,2,0
Taylor Swift,I Knew You Were Trouble.,76,3,0
Justin Timberlake,Rock Your Body,76,4,0
Selena Gomez & The Scene,Who Says,76,4,1
Martin Garrix,In the Name of Love,76,4,0
Usher,My Boo,76,5,1
Robin Schulz,Sugar (feat. Francesco Yates),76,5,0
Ariana Grande,break up with your girlfriend i'm bored,76,5,0
Carrie Underwood,Before He Cheats,76,6,0
Lorde,Team,76,6,1
Rob $tone,Chill Bill (feat. J. Davi$ & Spooks),76,6,1
Bryson Tiller,Exchange,76,6,1
Rob $tone,Chill Bill (feat. J. Davi$ & Spooks),76,6,1
Kanye West,Through The Wire,76,7,1
Fergie,Big Girls Don't Cry (Personal),76,7,1
Amy Winehouse,Back To Black,76,7,0
Soulja Boy,Kiss Me Thru The Phone,76,7,1
P!nk,Raise Your Glass,76,7,1
Flo Rida,My House,76,7,0
Flo Rida,My House,76,7,0
Coldplay,Adventure of a Lifetime,76,7,1
Anuel AA,China,76,7,1
Mary J. Blige,Family Affair,76,8,0
David Guetta,Memories (feat. Kid Cudi),76,8,1
Nico & Vinz,Am I Wrong,76,8,1
DJ Snake,Taki Taki (with Selena Gomez Ozuna & Cardi B),76,8,0
Rihanna,Stay,76,9,0
Rag'n'Bone Man,Human,76,9,1
Taylor Swift,Look What You Made Me Do,76,9,0
50 Cent,P.I.M.P.,76,10,0
Fall Out Boy,Thnks fr th Mmrs,76,10,0
fun.,We Are Young (feat. Janelle Monáe),76,10,1
Drake,Money In The Grave (Drake ft. Rick Ross),76,10,0
Rihanna,Disturbia,76,11,0
Britney Spears,Womanizer,76,11,1
P!nk,So What,76,11,0
M83,Midnight City,76,11,0
Swedish House Mafia,Don't You Worry Child - Radio Edit,76,11,0
Calvin Harris,How Deep Is Your Love,76,11,0
Kygo,Firestone,76,11,0
Nio Garcia,Te Boté - Remix,76,11,0
Avril Lavigne,Sk8er Boi,75,0,1
James Blunt,You're Beautiful,75,0,0
James Arthur,Impossible,75,0,0
Drake,Take Care,75,0,0
Calvin Harris,Blame (feat. John Newman),75,0,0
Alex & Sierra,Little Do You Know,75,0,1
Rae Sremmurd,Black Beatles,75,0,1
Kygo,It Ain't Me (with Selena Gomez),75,0,1
Mustard,Pure Water (with Migos),75,0,1
Black Eyed Peas,Pump It,75,1,0
JAY-Z,Run This Town,75,1,1
Rihanna,We Found Love,75,1,1
Rihanna,We Found Love,75,1,1
Eminem,The Monster,75,1,0
Big Sean,I Don't Fuck With You,75,1,1
Jason Derulo,Swalla (feat. Nicki Minaj & Ty Dolla $ign),75,1,1
Drake,In My Feelings,75,1,1
Muse,Uprising,75,2,1
Wiz Khalifa,Black and Yellow,75,2,0
X Ambassadors,Renegades,75,2,1
X Ambassadors,Renegades,75,2,1
G-Eazy,Him & I (with Halsey),75,2,1
Migos,Walk It Talk It,75,2,1
Bazzi,Mine,75,4,1
Destiny's Child,Say My Name,75,5,0
Leona Lewis,Bleeding Love,75,5,1
Ne-Yo,So Sick,75,6,1
benny blanco,Eastside (with Halsey & Khalid),75,6,0
Nelly,Ride Wit Me,75,7,1
Audioslave,Like a Stone,75,7,0
Muse,Supermassive Black Hole,75,7,1
Avril Lavigne,Girlfriend,75,7,1
Mike Posner,Cooler Than Me - Single Mix,75,7,0
Kardinal Offishall,Dangerous,75,8,1
Skillet,Monster,75,8,1
Bruno Mars,The Lazy Song,75,8,0
Fifth Harmony,Work from Home (feat. Ty Dolla $ign),75,8,1
Rae Sremmurd,Swang,75,8,1
Billie Eilish,bury a friend,75,8,1
Sam Smith,Dancing With A Stranger (with Normani),75,8,1
Alien Ant Farm,Smooth Criminal,75,9,0
Iyaz,Replay,75,9,1
David Guetta,Hey Mama (feat. Nicki Minaj Bebe Rexha & Afrojack),75,9,1
Lil Wayne,Sucker for Pain (with Wiz Khalifa Imagine Dragons Logic & Ty Dolla $ign feat. X Ambassadors),75,9,0
Clean Bandit,Rockabye (feat. Sean Paul & Anne-Marie),75,9,0
A Boogie Wit da Hoodie,Swervin (feat. 6ix9ine),75,9,1
Bruno Mars,Marry You,75,10,1
MEDUZA,Piece Of Your Heart,75,10,0
Vanessa Carlton,A Thousand Miles,75,11,1
Nelly,Hot In Herre,75,11,0
T.I.,Live Your Life,75,11,0
David Guetta,Sexy Bitch (feat. Akon),75,11,0
T.I.,Live Your Life,75,11,0
Rihanna,Diamonds,75,11,0
Nicki Minaj,Starships,75,11,0
Rihanna,Work,75,11,1
Anuel AA,Secreto,75,11,1
Soulja Boy,Crank That (Soulja Boy),74,0,1
Ne-Yo,Because Of You,74,0,0
Soulja Boy,Crank That (Soulja Boy),74,0,1
Pitbull,International Love (feat. Chris Brown),74,0,0
Adele,Skyfall,74,0,0
Kelly Clarkson,Stronger (What Doesn't Kill You),74,0,1
Macklemore,Glorious (feat. Skylar Grey),74,0,0
Camila Cabello,Never Be the Same,74,0,1
Shakira,Whenever Wherever,74,1,0
Eminem,Shake That,74,1,0
Sean Kingston,Eenie Meenie,74,1,1
Disclosure,Latch,74,1,1
Drake,The Motto,74,1,1
Ariana Grande,Love Me Harder,74,1,0
Disclosure,Latch,74,1,1
Galantis,Runaway (U & I),74,1,1
Ariana Grande,Love Me Harder,74,1,0
Taylor Swift,Love Story,74,2,1
OneRepublic,Secrets,74,2,1
Bruno Mars,It Will Rain,74,2,1
John Newman,Love Me Again,74,2,0
Jeremih,Don't Tell 'Em,74,2,1
Natti Natasha,Criminal,74,2,0
Daniel Powter,Bad Day,74,3,1
Taio Cruz,Break Your Heart,74,3,1
Katy Perry,Last Friday Night (T.G.I.F.),74,3,0
The Script,Superheroes,74,3,1
The Game,How We Do,74,4,0
Thirty Seconds To Mars,The Kill,74,4,0
Jack Ü,Where Are Ü Now (with Justin Bieber),74,4,0
Calvin Harris,My Way,74,4,0
Maroon 5,One More Night,74,5,0
Tove Lo,Habits (Stay High),74,5,1
Dennis Lloyd,Nevermind,74,5,0
Bruno Mars,Finesse - Remix; feat. Cardi B,74,5,0
Britney Spears,Circus,74,6,0
B.o.B,Airplanes (feat. Hayley Williams of Paramore),74,6,0
Avril Lavigne,What the Hell,74,6,0
Drake,Headlines,74,6,0
Katy Perry,Dark Horse,74,6,1
The Red Jumpsuit Apparatus,Face Down,74,7,0
Flo Rida,Right Round,74,7,1
Jessie J,Domino,74,7,1
Fetty Wap,679 (feat. Remy Boyz),74,7,1
Drake,Too Good,74,7,1
Gnarls Barkley,Crazy,74,8,1
Timbaland,Apologize,74,8,1
Kygo,Stole the Show,74,8,0
Future,Low Life (feat. The Weeknd),74,8,1
21 Savage,Bank Account,74,8,0
Kehlani,Nights Like This (feat. Ty Dolla $ign),74,8,1
The Strokes,Reptilia,74,9,1
Madonna,Hung Up,74,9,0
Rihanna,Take A Bow,74,9,1
T.I.,Whatever You Like,74,9,0
T.I.,Whatever You Like,74,9,0
Bastille,Pompeii,74,9,1
5 Seconds of Summer,She Looks So Perfect,74,9,1
Nicky Jam,X,74,9,0
Gorillaz,Clint Eastwood,74,10,0
Sean Paul,Get Busy,74,10,0
3 Doors Down,Here Without You,74,10,0
B.o.B,Nothin' on You (feat. Bruno Mars),74,10,1
Fall Out Boy,Dance Dance,74,11,0
Chris Brown,Forever,74,11,1
Beyoncé,Halo,74,11,0
Rihanna,Rude Boy,74,11,1
A$AP Ferg,Plain Jane,74,11,1
Pedro Capó,Calma - Remix,74,11,0
Red Hot Chili Peppers,By the Way,73,0,1
Justin Bieber,Beauty And A Beat,73,0,1
Tyga,Taste (feat. Offset),73,0,1
Maroon 5,Girls Like You (feat. Cardi B) - Cardi B Version,73,0,1
Limp Bizkit,Rollin' (Air Raid Vehicle),73,1,1
Dido,Thank You,73,1,0
D12,My Band,73,1,0
Linkin Park,Bleed It Out,73,1,0
Nelly,Just A Dream,73,1,1
Rihanna,S&M,73,1,1
Ariana Grande,Problem,73,1,0
Rihanna,Bitch Better Have My Money,73,1,1
Travis Scott,Antidote,73,1,1
The Chainsmokers,This Feeling,73,1,1
Calvin Harris,Giant (with Rag'n'Bone Man),73,1,0
Cardi B,Please Me,73,1,1
Sam Smith,How Do You Sleep?,73,1,0
Alex Gaudino,Destination Calabria - Radio Edit,73,2,1
Taylor Swift,...Ready For It?,73,2,1
The Chainsmokers,Paris,73,2,1
Kanye West,Jesus Walks,73,3,0
Far East Movement,Like A G6,73,3,1
A Boogie Wit da Hoodie,Look Back at It,73,3,0
Usher,OMG (feat. will.i.am),73,4,0
Lady A,Need You Now,73,4,1
Hot Chelle Rae,Tonight Tonight,73,4,1
The Chainsmokers,Roses,73,4,1
Marshmello,One Thing Right,73,4,1
Ja Rule,Always On Time,73,5,0
Baby Bash,Suga Suga,73,5,0
Baby Bash,Suga Suga,73,5,0
Katy Perry,I Kissed A Girl,73,5,1
Drake,Forever,73,5,0
Green Day,21 Guns,73,5,1
LMFAO,Party Rock Anthem,73,5,0
Jessie J,Price Tag,73,5,1
Katy Perry,Part Of Me,73,5,1
Kanye West,Mercy,73,6,0
Khalid,Love Lies (with Normani),73,6,1
Rihanna,SOS,73,7,1
Katy Perry,Hot N Cold,73,7,1
Katy Perry,Roar,73,7,0
Passenger,Let Her Go,73,7,1
Major Lazer,Lean On (feat. MØ & DJ Snake),73,7,0
Alice Deejay,Better Off Alone,73,8,0
Eve,Let Me Blow Ya Mind,73,8,0
Fat Joe,What's Luv? (feat. Ja-Rule & Ashanti),73,8,1
Justin Timberlake,Cry Me a River,73,8,0
Fort Minor,Remember the Name (feat. Styles of Beyond),73,8,1
Cassie,Me & U,73,8,0
The Kooks,Naive,73,8,0
Seether,Fake It,73,8,1
The Fray,You Found Me,73,8,0
Fifth Harmony,Worth It (feat. Kid Ink),73,8,1
The Vamps,All Night,73,8,1
Cardi B,Money,73,8,0
Kylie Minogue,Can't Get You out of My Head,73,9,0
Kanye West,Touch The Sky,73,9,1
Linkin Park,BURN IT DOWN,73,9,0
Bobby Shmurda,Hot N*gga,73,9,1
Shawn Mendes,I Know What You Did Last Summer,73,9,0
BlocBoy JB,Look Alive (feat. Drake),73,10,1
Gorillaz,DARE,73,11,0
Finger Eleven,Paralyzer,73,11,0
Finger Eleven,Paralyzer,73,11,0
Rihanna,Only Girl (In The World),73,11,0
Milky Chance,Stolen Dance,73,11,1
Zara Larsson,Never Forget You,73,11,0
Tory Lanez,Say It,73,11,0
Shakira,La Tortura (feat. Alejandro Sanz),72,0,1
Katy Perry,California Gurls,72,0,1
DJ Khaled,Wild Thoughts (feat. Rihanna & Bryson Tiller),72,0,0
Halsey,Bad At Love,72,0,1
The Pussycat Dolls,Don't Cha,72,1,1
Paramore,Misery Business,72,1,1
Katy Perry,The One That Got Away,72,1,0
Lana Del Rey,Summertime Sadness (Lana Del Rey Vs. Cedric Gervais) - Cedric Gervais Remix,72,1,0
Ed Sheeran,Don't,72,1,1
Drake,Jumpman,72,1,1
Charlie Puth,How Long,72,1,0
Paulo Londra,Adan y Eva,72,1,1
The Calling,Wherever You Will Go,72,2,1
Twista,Slow Jamz,72,2,0
Jeremih,Down On Me,72,2,1
Bridgit Mendler,Ready or Not,72,2,1
Felix Jaehn,Ain't Nobody (Loves Me Better) (feat. Jasmine Thompson),72,2,0
Migos,MotorSport,72,2,1
Migos,Stir Fry,72,2,1
DaBaby,Suge,72,2,0
50 Cent,Disco Inferno,72,3,1
David Guetta,Where Them Girls At (feat. Nicki Minaj & Flo Rida),72,3,1
Christina Perri,Jar of Hearts,72,3,1
Tiësto,Jackie Chan,72,3,0
Linkin Park,Faint,72,4,1
Trapt,Headstrong,72,4,0
Keyshia Cole,Love,72,5,1
Three Days Grace,I Hate Everything About You,72,6,0
50 Cent,21 Questions,72,6,0
Travie McCoy,Billionaire (feat. Bruno Mars),72,6,0
OneRepublic,Good Life,72,6,1
Drake,Hold On We're Going Home,72,6,0
Ozuna,Vaina Loca,72,6,1
Mario,Let Me Love You,72,7,0
Green Day,Boulevard of Broken Dreams,72,8,1
Katy Perry,Firework,72,8,1
Route 94,My Love (feat. Jess Glynne),72,8,1
Calvin Harris,Under Control (feat. Hurts),72,8,1
Pia Mia,Do It Again,72,8,1
Eminem,River (feat. Ed Sheeran),72,8,0
Coldplay,In My Place,72,9,1
Evanescence,My Immortal,72,9,1
Meghan Trainor,All About That Bass,72,9,1
Burak Yeter,Tuesday (feat. Danelle Sandoval),72,9,0
iann dior,emotions,72,9,1
Eric Prydz,Call on Me - Radio Mix,72,10,1
Chris Brown,Loyal (feat. Lil Wayne & Tyga),72,10,0
Limp Bizkit,Take A Look Around,72,11,1
Justin Timberlake,My Love (feat. T.I.),72,11,0
Arctic Monkeys,When The Sun Goes Down,72,11,0
Justin Timberlake,My Love (feat. T.I.),72,11,0
The Pussycat Dolls,When I Grow Up,72,11,0
Black Eyed Peas,Meet Me Halfway,72,11,0
Kid Cudi,Day 'N' Nite (Nightmare),72,11,0
Lady Gaga,Born This Way,72,11,1
PSY,Gangnam Style (강남스타일),72,11,0
Clean Bandit,Rather Be (feat. Jess Glynne),72,11,1
Migos,Bad and Boujee (feat. Lil Uzi Vert),72,11,1
Rich The Kid,Plug Walk,72,11,1
Cardi B,Bodak Yellow,72,11,0
Ella Mai,Trip,72,11,0
Hugh Jackman,The Greatest Show,72,11,0
KT Tunstall,Suddenly I See,71,0,1
Amy Winehouse,Rehab,71,0,1
Usher,Love in This Club (feat. Young Jeezy),71,0,1
Rihanna,Where Have You Been,71,0,0
The Strumbellas,Spirits,71,0,1
Jonas Brothers,Only Human,71,0,1
Sech,Otro Trago,71,0,1
Chris Brown,Run It! (feat. Juelz Santana),71,1,0
Gwen Stefani,The Sweet Escape,71,1,1
Ne-Yo,Miss Independent,71,1,1
Sean Kingston,Fire Burning,71,1,1
Justin Bieber,One Time,71,1,0
Big Sean,Bounce Back,71,1,0
Jay Rock,King's Dead (with Kendrick Lamar Future & James Blake),71,1,1
Daddy Yankee,Dura,71,1,1
Madonna,4 Minutes (feat. Justin Timberlake & Timbaland),71,2,1
Marshmello,Alone,71,2,1
Saweetie,My Type,71,2,1
La Roux,Bulletproof,71,3,0
Dr. Dre,I Need A Doctor,71,3,1
Machine Gun Kelly,Home (with Machine Gun Kelly X Ambassadors & Bebe Rexha),71,3,0
Wheatus,Teenage Dirtbag,71,4,1
Joel Adams,Please Don't Go,71,4,0
Normani,Motivation,71,4,1
Blu Cantrell,Hit 'Em Up Style (Oops!),71,5,0
Eminem,Sing For The Moment,71,5,0
Kelly Clarkson,Because of You,71,5,0
alt-J,Breezeblocks,71,5,1
FINNEAS,Let's Fall in Love for the Night,71,5,1
Lil Nas X,Panini,71,5,0
Avicii,SOS (feat. Aloe Blacc),71,5,0
Arctic Monkeys,I Bet You Look Good On The Dancefloor,71,6,0
Alicia Keys,Empire State of Mind (Part II) Broken Down,71,6,1
Demi Lovato,Give Your Heart a Break,71,6,1
Rae Sremmurd,No Type,71,6,1
Chris Brown,Ayo,71,6,1
Petit Biscuit,Sunset Lover,71,6,1
2 Chainz,It's A Vibe,71,7,1
Marshmello,Spotlight,71,7,1
Chamillionaire,Ridin',71,8,0
Young Money,BedRock,71,8,1
Kesha,We R Who We R,71,8,1
Calvin Harris,Sweet Nothing (feat. Florence Welch),71,8,0
Echosmith,Cool Kids,71,8,1
Crazy Town,Butterfly,71,9,0
Eminem,Cleanin' Out My Closet,71,9,0
JAY-Z,03' Bonnie & Clyde,71,9,0
Kelly Clarkson,Since U Been Gone,71,9,0
P!nk,True Love (feat. Lily Allen),71,9,1
Fall Out Boy,My Songs Know What You Did In The Dark (Light Em Up),71,9,0
Tinashe,2 On (feat. ScHoolboy Q),71,9,1
Pitbull,Hey Baby (Drop It to the Floor) (feat. T-Pain),71,10,0
Ed Sheeran,"I See Fire - From ""The Hobbit - The Desolation Of Smaug""",71,10,0
DMX,Party Up,71,11,1
David Guetta,Who's That Chick? (feat. Rihanna),71,11,0
Chris Brown,Look At Me Now (feat. Lil' Wayne & Busta Rhymes),71,11,0
Clean Bandit,Solo (feat. Demi Lovato),71,11,0
Ashanti,Foolish,70,0,1
Rihanna,Unfaithful,70,0,0
Jon Bellion,All Time Low,70,0,1
Enrique Iglesias,SUBEME LA RADIO (feat. Descemer Bueno & Zion & Lennox),70,0,1
Khalid,Better,70,0,0
Destiny's Child,Jumpin' Jumpin',70,1,1
Destiny's Child,Survivor,70,1,0
Missy Elliott,Work It,70,1,1
Missy Elliott,Work It,70,1,1
James Morrison,Broken Strings,70,1,1
James Morrison,Broken Strings,70,1,1
Jason Derulo,It Girl,70,1,0
Ellie Goulding,Burn,70,1,1
DJ Snake,Turn Down for What,70,1,0
Ellie Goulding,Burn,70,1,1
Jonas Blue,Rise,70,1,1
David Guetta,Without You (feat. Usher),70,2,1
Chris Brown,With You,70,3,1
Craig David,7 Days,70,4,0
Puddle Of Mudd,She Hates Me,70,4,1
Madcon,Beggin (original version),70,4,0
Lloyd,You,70,5,0
Lady Gaga,Paparazzi,70,5,0
3OH!3,DONTTRUSTME,70,5,0
Beyoncé,Drunk in Love (feat. Jay-Z),70,5,0
Mike Perry,The Ocean (feat. Shy Martin),70,5,1
Tom Walker,Leave a Light On,70,5,1
Lunay,Soltera - Remix,70,5,1
Jennifer Lopez,Jenny from the Block (feat. Jadakiss & Styles P.) - Track Masters Remix,70,6,1
Juanes,La Camisa Negra,70,6,0
Nickelback,Far Away,70,6,1
Limp Bizkit,Behind Blue Eyes,70,7,1
Beyoncé,Irreplaceable,70,7,0
Justin Timberlake,What Goes Around.../...Comes Around (Interlude),70,7,1
Cobra Starship,You Make Me Feel... (feat. Sabi),70,7,0
Lupe Fiasco,The Show Goes On,70,7,1
Sean Paul,She Doesn't Mind,70,7,0
Skrillex,Bangarang (feat. Sirah),70,7,1
Meghan Trainor,Lips Are Movin,70,7,1
Timbaland,Give It To Me,70,8,1
Calvin Harris,I Need Your Love (feat. Ellie Goulding),70,8,1
Lil Dicky,Freaky Friday (feat. Chris Brown),70,8,1
DJ Snake,Taki Taki (feat. Selena Gomez Ozuna & Cardi B),70,8,0
Backstreet Boys,Shape of My Heart,70,9,1
Avril Lavigne,I'm with You,70,9,1
Panic! At The Disco,I Write Sins Not Tragedies,70,9,0
Eminem,Crack A Bottle,70,9,1
Sia,Elastic Heart,70,9,1
DMX,X Gon' Give It To Ya,70,10,0
Christina Perri,A Thousand Years,70,10,1
Desiigner,Panda,70,10,0
OneRepublic,Wherever I Go,70,10,0
Jason Derulo,Whatcha Say,70,11,1
Jason Derulo,Whatcha Say,70,11,1
DJ Khaled,I'm On One,70,11,0
Taylor Swift,Bad Blood,70,11,0
Mariah Carey,We Belong Together,69,0,1
Nickelback,Rockstar,69,0,1
MIKA,Grace Kelly,69,0,1
Lil Wayne,Lollipop,69,0,1
Duffy,Mercy,69,0,1
Katy Perry,Chained To The Rhythm,69,0,1
Megan Thee Stallion,Hot Girl Summer (feat. Nicki Minaj & Ty Dolla $ign),69,0,1
Diddy,I Need a Girl (Pt. 2) [feat. Loon Ginuwine & Mario Winans],69,1,0
Jamelia,Superstar,69,1,1
Rihanna,Shut Up And Drive,69,1,1
Kesha,Your Love Is My Drug,69,1,1
2 Chainz,We Own It (Fast & Furious),69,1,0
Meghan Trainor,NO,69,1,0
Ayo & Teo,Rolex,69,1,1
Logic,Everyday,69,1,1
Sisqo,Thong Song,69,2,1
Creed,Higher,69,2,1
Creed,My Sacrifice,69,2,1
Chingy,Right Thurr,69,2,1
Mary J. Blige,Be Without You - Kendu Mix,69,2,0
Selena Gomez,Fetish (feat. Gucci Mane),69,2,1
The Weeknd,Pray For Me (with Kendrick Lamar),69,2,1
Enya,Only Time,69,3,1
Lady Gaga,Telephone,69,3,1
Stereophonics,Dakota,69,4,1
Chris Brown,Yo (Excuse Me Miss),69,4,1
Britney Spears,If U Seek Amy,69,4,0
Young Thug,The London (feat. J. Cole & Travis Scott),69,4,0
Britney Spears,I'm a Slave 4 U,69,5,0
Bob Sinclar,Rock This Party - Everybody Dance Now,69,5,0
Rascal Flatts,What Hurts The Most,69,5,0
Ne-Yo,Let Me Love You (Until You Learn To Love Yourself),69,5,1
DJ Snake,You Know You Like It,69,5,0
DJ Snake,You Know You Like It,69,5,0
Lil Wayne,A Milli,69,6,0
Lady Gaga,LoveGame,69,6,0
Black Eyed Peas,The Time (Dirty Bit),69,6,0
Beyoncé,Best Thing I Never Had,69,6,1
Nick Jonas,Close,69,6,0
Russ Millions,Keisha & Becky - Remix,69,6,1
Saving Abel,Addicted,69,7,1
Diddy - Dirty Money,Coming Home,69,7,1
The Wanted,Chasing The Sun,69,7,0
Selena Gomez,Come & Get It,69,7,0
Kevin Gates,2 Phones,69,7,0
SAYGRACE,You Don't Own Me (feat. G-Eazy),69,7,1
5 Seconds of Summer,Youngblood,69,7,0
Flipp Dinero,Leave Me Alone,69,7,1
Sam Feldt,Post Malone (feat. RANI),69,7,1
P.O.D.,Youth of the Nation,69,8,1
Akon,Right Now (Na Na Na),69,8,0
David Guetta,Play Hard (feat. Ne-Yo & Akon),69,8,0
Ed Sheeran,Sing,69,8,0
Jeezy,Put On,69,9,0
Coldplay,Every Teardrop Is a Waterfall,69,9,1
Beyoncé,7/11,69,9,0
Maluma,Corazón (feat. Nego do Borel),69,9,0
Blanco Brown,The Git Up,69,9,1
Gwen Stefani,Hollaback Girl,69,10,0
Timbaland,Carry Out (Featuring Justin Timberlake),69,10,0
Katy Perry,Teenage Dream,69,10,1
Daft Punk,Lose Yourself to Dance (feat. Pharrell Williams),69,10,0
Iggy Azalea,Fancy,69,10,0
Darude,Sandstorm,69,11,0
JAY-Z,Big Pimpin',69,11,0
Gabrielle,Out Of Reach,69,11,1
Coldplay,Speed of Sound,69,11,0
David Guetta,When Love Takes Over (feat. Kelly Rowland),69,11,1
Kesha,Blow,69,11,0
Chris Brown,Yeah 3x,69,11,0
Selena Gomez,Same Old Love,69,11,0
Selena Gomez,Same Old Love,69,11,0
Becky G,Sin Pijama,69,11,0
The Chainsmokers,Sick Boy,69,11,0
AJ Tracey,Ladbroke Grove,69,11,0
iann dior,gone girl,69,11,1
Westlife,My Love,68,0,1
Missy Elliott,Get Ur Freak On,68,0,1
Ciara,Like a Boy,68,0,0
T.I.,Dead And Gone,68,0,1
Rihanna,Man Down,68,0,0
Bad Meets Evil,Lighters,68,0,1
D12,Purple Pills,68,1,1
Good Charlotte,Lifestyles of the Rich & Famous,68,1,1
Kelis,Milkshake,68,1,1
Chris Brown,Deuces (feat. Tyga & Kevin McCall),68,1,1
Ludacris,My Chick Bad,68,1,1
Sia,The Greatest (feat. Kendrick Lamar),68,1,1
Migos,Slippery (feat. Gucci Mane),68,1,0
YG,BIG BANK (feat. 2 Chainz Big Sean Nicki Minaj),68,1,1
Offset,Clout (feat. Cardi B),68,1,1
Nelly,Country Grammar (Hot Shit),68,2,1
Lenny Kravitz,Again,68,2,1
Christina Aguilera,Dirrty (feat. Redman),68,2,1
The Rasmus,In the Shadows,68,2,1
Avril Lavigne,My Happy Ending,68,2,1
The Pussycat Dolls,Buttons,68,2,1
The Notorious B.I.G.,Nasty Girl (feat. Diddy Nelly Jagged Edge & Avery Storm) - 2005 Remaster,68,2,1
Jonas Brothers,Burnin' Up,68,2,1
Lil Wayne,Right Above It,68,3,0
Travis,Sing,68,4,1
Linkin Park,Breaking the Habit,68,4,0
Avril Lavigne,When You're Gone,68,4,0
Christina Aguilera,"Lady Marmalade - From ""Moulin Rouge"" Soundtrack",68,5,1
Black Eyed Peas,Where Is The Love?,68,5,1
2Pac,Ghetto Gospel,68,5,0
Lily Allen,Smile,68,5,1
Linkin Park,New Divide,68,5,0
Mumford & Sons,Little Lion Man,68,5,1
Kesha,Take It Off,68,5,0
Klangkarussell,Sonnentanz - Sun Don't Shine,68,5,0
Backstreet Boys,Show Me the Meaning of Being Lonely,68,6,0
Busta Rhymes,I Know What You Want (feat. Flipmode Squad),68,6,1
Busta Rhymes,I Know What You Want (feat. Flipmode Squad),68,6,1
will.i.am,#thatPOWER,68,6,0
Avicii,I Could Be The One (Avicii Vs. Nicky Romero) - Radio Edit,68,6,0
Robbie Williams,Rock DJ,68,7,1
Afroman,Because I Got High,68,7,1
Sean Paul,I'm Still in Love with You (feat. Sasha),68,7,1
Gwen Stefani,Rich Girl,68,7,0
The Fratellis,Chelsea Dagger,68,7,1
Shakira,She Wolf,68,7,1
Snoop Dogg,Sweat - Remix,68,7,1
Taylor Swift,22,68,7,1
Kid Ink,Show Me (feat. Chris Brown),68,7,1
Fetty Wap,Trap Queen,68,7,1
P!nk,"Just Like Fire (From the Original Motion Picture ""Alice Through The Looking Glass"")",68,7,1
Maroon 5,Don't Wanna Know (feat. Kendrick Lamar),68,7,1
Timbaland,If We Ever Meet Again (Featuring Katy Perry),68,8,1
Icona Pop,I Love It (feat. Charli XCX),68,8,1
Enrique Iglesias,DUELE EL CORAZON (feat. Wisin),68,8,0
Fall Out Boy,This Ain't A Scene It's An Arms Race,68,9,1
James Blunt,1973,68,9,1
Black Eyed Peas,Boom Boom Pow,68,9,1
Kelly Clarkson,My Life Would Suck Without You,68,9,1
Sebastian Ingrosso,Reload - Radio Edit,68,9,0
David Guetta,This One's for You (feat. Zara Larsson) (Official Song UEFA EURO 2016),68,9,0
Eminem,When I'm Gone,68,10,0
Chris Brown,Kiss Kiss (feat. T-Pain),68,10,0
Chris Brown,Kiss Kiss (feat. T-Pain),68,10,0
Robbie Williams,Candy,68,10,1
Birdy,Let It All Go,68,10,1
Cheat Codes,No Promises (feat. Demi Lovato),68,10,1
The Corrs,Breathless,68,11,1
P!nk,Get the Party Started,68,11,0
Nickelback,Someday,68,11,0
Dizzee Rascal,Dance Wiv Me - Radio Edit,68,11,1
Florence + The Machine,Spectrum (Say My Name) - Calvin Harris Remix,68,11,0
Lil Wayne,Love Me,68,11,1
Meek Mill,All Eyes on You (feat. Chris Brown & Nicki Minaj),68,11,0
Drake,I'm Upset,68,11,0
David Archuleta,Crush,67,0,0
Shinedown,Second Chance,67,0,0
Justin Bieber,As Long As You Love Me,67,0,0
Oliver Heldens,Gecko (Overdrive) - Radio Edit,67,0,1
Rag'n'Bone Man,Skin,67,0,1
DJ Khaled,No Brainer,67,0,1
Terror Squad,Lean Back,67,1,1
Black Eyed Peas,My Humps,67,1,0
Arctic Monkeys,Brianstorm,67,1,1
Beyoncé,Single Ladies (Put a Ring on It),67,1,1
Chris Brown,New Flame (feat. Usher & Rick Ross),67,1,1
Yo Gotti,Rake It Up (feat. Nicki Minaj),67,1,0
Crazy Frog,Axel F,67,2,1
Razorlight,America,67,2,1
Kendrick Lamar,m.A.A.d city,67,2,1
Beyoncé,Sorry,67,2,1
Jennifer Lopez,Love Don't Cost a Thing,67,4,0
Christina Aguilera,Fighter,67,4,0
Missy Elliott,Lose Control (feat. Ciara & Fat Man Scoop),67,4,0
James Blunt,Goodbye My Lover,67,4,1
Metro Station,Shake It,67,4,1
Maroon 5,Misery,67,4,0
Jagged Edge,Where the Party At (feat. Nelly),67,5,0
Ciara,Goodies (feat. Petey Pablo),67,5,0
Toby Keith,As Good As I Once Was,67,5,1
Kaiser Chiefs,Ruby,67,5,0
Cam’ron,Oh Boy,67,6,1
Leona Lewis,Better in Time,67,6,1
Sia,Cheap Thrills (feat. Sean Paul),67,6,0
Desiigner,Tiimmy Turner,67,6,1
Galantis,No Money,67,6,0
Zara Larsson,Ain't My Fault,67,6,0
Charlie Puth,Done for Me (feat. Kehlani),67,6,0
3 Doors Down,When I'm Gone,67,7,1
Fabolous,Into You (feat. Tamia),67,7,0
Jeremih,Birthday Sex,67,7,0
Usher,More - RedOne Jimmy Joker Remix,67,7,1
LMFAO,Sexy And I Know It,67,7,1
LMFAO,Sexy And I Know It,67,7,1
Eminem,Just Lose It,67,8,1
Nickelback,Photograph,67,8,1
Eminem,Like Toy Soldiers,67,8,0
Lil Jon,Snap Yo Fingers,67,8,0
Ne-Yo,Sexy Love,67,8,1
50 Cent,Ayo Technology,67,8,0
The Fray,Never Say Never,67,8,1
Rihanna,Te Amo,67,8,0
David Guetta,2U (feat. Justin Bieber),67,8,0
EO,German,67,8,0
Pharrell Williams,Frontin' (feat. Jay-Z) - Club Mix,67,9,0
Junior Senior,Move Your Feet,67,9,1
Kevin Lyttle,Turn Me On,67,9,1
The Pussycat Dolls,Stickwitu,67,9,1
The Pussycat Dolls,Stickwitu,67,9,1
Lady Gaga,The Edge Of Glory,67,9,1
Cher Lloyd,Want U Back,67,9,1
Duke Dumont,I Got U,67,9,0
Flo Rida,I Don't Like It I Love It (feat. Robin Thicke & Verdine White),67,9,0
Jonas Blue,Fast Car,67,9,1
Snoop Dogg,Beautiful,67,11,0
Nina Sky,Move Ya Body,67,11,0
Lady Gaga,Alejandro,67,11,0
Keri Hilson,Pretty Girl Rock,67,11,0
Justin Timberlake,Suit & Tie (feat. Jay-Z),67,11,0
Iggy Azalea,Black Widow,67,11,1
Lana Del Rey,High By The Beach,67,11,0
Justin Timberlake,Summer Love,66,0,0
Lana Del Rey,Ride,66,0,1
Natalie La Rose,Somebody,66,0,1
Alessia Cara,Here,66,0,1
Las Ketchup,The Ketchup Song (Aserejé) - Spanglish Version,66,1,1
Yung Joc,It's Goin' Down (feat. Nitti),66,1,0
Sugababes,About You Now,66,1,0
Kanye West,Love Lockdown,66,1,0
Kanye West,Love Lockdown,66,1,0
Edward Maya,Stereo Love - Radio Edit,66,1,0
Edward Maya,Stereo Love - Radio Edit,66,1,0
MØ,Final Song,66,1,0
Rae Sremmurd,Powerglide (feat. Juicy J) - From SR3MM,66,1,0
Santana,Maria Maria (feat. The Product G&B),66,2,1
Rihanna,What's My Name?,66,2,1
Rihanna,What's My Name?,66,2,1
Nickelback,If Today Was Your Last Day,66,3,1
Atomic Kitten,Whole Again,66,4,1
Chad Kroeger,Hero (feat. Josey Scott),66,4,1
Calvin Harris,Let's Go (feat. Ne-Yo),66,4,0
One Direction,One Way or Another (Teenage Kicks),66,4,0
Tove Lo,Talking Body,66,4,0
Tove Lo,Talking Body,66,4,0
Outkast,The Way You Move (feat. Sleepy Brown),66,5,0
Outkast,The Way You Move (feat. Sleepy Brown),66,5,0
Britney Spears,I Wanna Go,66,5,1
Deorro,Five More Hours,66,5,0
Sam Smith,"Writing's On The Wall - From ""Spectre"" Soundtrack",66,5,0
Bow Wow,Like You (feat. Ciara),66,6,1
Beyoncé,If I Were a Boy,66,6,1
Rudimental,Waiting All Night (feat. Ella Eyre),66,6,0
Faith Hill,Breathe,66,7,1
Kevin Rudolf,Let It Rock,66,7,1
David Guetta,She Wolf (Falling to Pieces) [feat. Sia],66,7,1
Usher,Scream,66,7,0
Maroon 5,Daylight,66,7,1
Enrique Iglesias,Bailando - Spanish Version,66,7,1
Christina Aguilera,Candyman,66,8,0
Armin van Buuren,This Is What It Feels Like,66,8,1
Ed Sheeran,Take Me Back to London (feat. Stormzy),66,8,0
Jason Derulo,Ridin' Solo,66,9,1
Coldplay,Princess of China,66,9,0
Jason Derulo,Wiggle (feat. Snoop Dogg),66,9,0
Lilly Wood and The Prick,Prayer in C - Robin Schulz Radio Edit,66,9,0
Nicki Minaj,Anaconda,66,9,1
Sigala,Easy Love,66,9,1
Twista,Overnight Celebrity,66,10,0
Lil Jon & The East Side Boyz,Lovers And Friends,66,10,1
Plies,Hypnotized (feat. Akon),66,10,1
Mariah Carey,Obsessed,66,10,0
Toni Braxton,He Wasn't Man Enough,66,11,0
Jennifer Lopez,I'm Real (feat. Ja Rule) - Murder Remix,66,11,0
Benny Benassi,Satisfaction (Isak Original Extended) - Benny Benassi Presents The Biz,66,11,1
Mario Winans,I Don't Wanna Know (feat. Enya & P. Diddy) - 2016 Remaster,66,11,0
Cali Swag District,Teach Me How to Dougie,66,11,1
Eminem,Berzerk,66,11,0
Baha Men,Who Let The Dogs Out,65,0,1
Jennifer Lopez,Get Right,65,0,0
OneRepublic,All The Right Moves,65,0,1
Akon,Beautiful,65,0,0
Cobra Starship,Good Girls Go Bad (feat. Leighton Meester),65,0,1
Jason Derulo,In My Head,65,0,0
Swedish House Mafia,Save The World,65,0,1
Calvin Harris,Thinking About You (feat. Ayah Marar),65,0,0
MK,17,65,0,0
Katy Perry,E.T.,65,1,1
Bastille,Good Grief,65,1,1
Sofía Reyes,1 2 3 (feat. Jason Derulo & De La Ghetto),65,1,0
Janet Jackson,All For You,65,2,1
Anastacia,Left Outside Alone,65,2,0
Cherish,Do It To It,65,2,1
Klaxons,Golden Skans,65,2,0
Agnes,Release Me,65,2,0
Taylor Swift,Back To December,65,2,1
Emeli Sandé,Read All About It Pt. III,65,2,1
Ginuwine,Differences,65,3,0
Gary Jules,Mad World (Feat. Michael Andrews),65,3,1
Nickelback,Savin' Me,65,3,1
Dua Lipa,Hotter Than Hell,65,3,0
Ashanti,Rock Wit U (Awww Baby),65,4,0
Ne-Yo,Closer,65,4,0
Basshunter,All I Ever Wanted - Radio Edit,65,4,1
Red Hot Chili Peppers,The Adventures of Rain Dance Maggie,65,4,0
Rita Ora,I Will Never Let You Down,65,4,1
The Shapeshifters,Lola's Theme - Radio Edit,65,5,0
Sean Kingston,Take You There,65,5,0
Katy Perry,Wide Awake,65,5,1
Ariana Grande,The Way,65,5,0
LeAnn Rimes,Can't Fight The Moonlight,65,6,0
Destiny's Child,Independent Women Pt. 1,65,6,0
Destiny's Child,Independent Women Pt. 1,65,6,0
Lasgo,Something,65,7,0
Atomic Kitten,The Tide Is High - Radio Mix,65,7,1
Evanescence,Call Me When You're Sober,65,7,1
Eric Prydz,Pjanoo - Radio Edit,65,7,0
Cheryl,Fight For This Love,65,7,1
Jamie Foxx,Blame It,65,7,1
Philip George,Wish You Were Mine - Radio Edit,65,7,0
*NSYNC,Bye Bye Bye,65,8,0
Tom Jones,Sexbomb,65,8,0
Joe,I Wanna Know,65,8,0
Britney Spears,Lucky,65,8,1
A.R. Rahman,Jai Ho! (You Are My Destiny),65,8,0
B.o.B,Magic (feat. Rivers Cuomo),65,8,0
Britney Spears,Till the World Ends,65,8,1
David Guetta,Turn Me On (feat. Nicki Minaj),65,8,1
Drake,Started From the Bottom,65,8,1
September,Cry for You,65,9,1
September,Cry for You,65,9,1
JAY-Z,Young Forever,65,9,0
Kelly Rowland,Motivation,65,9,0
Jamiroquai,Little L,65,10,0
The All-American Rejects,Dirty Little Secret,65,10,1
The All-American Rejects,Dirty Little Secret,65,10,1
Nickelback,When We Stand Together,65,10,0
Bobby V.,"Slow Down - 12"" Version",65,11,0
Camila Cabello,Liar,65,11,0
Creed,With Arms Wide Open,64,0,1
Robbie Williams,Somethin' Stupid,64,0,1
Eamon,Fuck It (I Don't Want You Back),64,0,0
JUVENILE,Slow Motion,64,0,0
Mary J. Blige,One,64,0,1
Fergie,Glamorous,64,0,1
Ne-Yo,Mad,64,0,1
James Morrison,I Won't Let You Go,64,0,1
Destiny's Child,Bootylicious,64,1,0
Chris Brown,Turn Up the Music,64,1,1
Rudimental,Feel the Love (feat. John Newman),64,1,1
OneRepublic,Rich Love (with Seeb),64,1,0
Ciara,Body Party,64,2,1
Wiley,Boasty (feat. Idris Elba),64,2,1
Puddle Of Mudd,Blurry,64,3,0
Demi Lovato,Confident,64,3,1
Michael Jackson,You Rock My World,64,4,0
KT Tunstall,Black Horse And The Cherry Tree,64,4,0
The Band Perry,If I Die Young,64,4,1
The Band Perry,If I Die Young,64,4,1
Pitbull,Don't Stop the Party (feat. TJR),64,4,1
Ed Sheeran,Cross Me (feat. Chance the Rapper & PnB Rock),64,4,1
J. Holiday,Bed,64,5,0
The Pussycat Dolls,I Hate This Part,64,5,1
The Pussycat Dolls,I Hate This Part,64,5,1
Neon Trees,Animal,64,5,1
Lil Pump,Gucci Gang,64,5,1
Sigala,Wish You Well,64,5,0
Gigi D'Agostino,The Riddle,64,6,0
Ja Rule,Livin' It Up,64,6,1
Staind,It's Been Awhile,64,6,1
Rihanna,Russian Roulette,64,6,0
Mary Mary,Shackles (Praise You),64,7,1
James Morrison,You Give Me Something,64,7,1
Kiesza,Hideaway,64,7,0
Selena Gomez,The Heart Wants What It Wants,64,7,0
Christina Aguilera,Come on over Baby (All I Want Is You) - Radio Version,64,8,1
Shakira,Underneath Your Clothes,64,8,1
Monica,So Gone,64,8,1
Sugababes,Push The Button,64,8,1
Beyoncé,Beautiful Liar,64,8,1
Frank Ocean,Lost,64,8,1
Fitz and The Tantrums,HandClap,64,8,1
Stormzy,Vossi Bop,64,8,1
Céline Dion,That's the Way It Is,64,9,1
U2,Vertigo,64,9,1
Nicki Minaj,Pound The Alarm,64,9,1
G.R.L.,Ugly Heart,64,9,1
Anastacia,I'm Outta Love - Radio Edit,64,10,0
Tweet,Oops (Oh My) [feat. Missy Elliott],64,10,0
Take That,Patience,64,10,1
Take That,Patience,64,10,1
Kasabian,Fire,64,10,1
Boys Like Girls,Love Drunk,64,10,1
Selena Gomez,Kill Em With Kindness,64,10,0
Migos,T-Shirt,64,10,0
Jason Derulo,Tip Toe (feat. French Montana),64,10,0
Charlie Puth,The Way I Am,64,10,0
Big Tymers,Still Fly,64,11,1
T.I.,What You Know,64,11,1
Britney Spears,Piece of Me,64,11,1
Mary J. Blige,Just Fine,64,11,0
Lupe Fiasco,Superstar (feat. Matthew Santos),64,11,0
Cascada,Evacuate The Dancefloor,63,0,1
DJ Fresh,Gold Dust - Radio Edit,63,0,1
Enrique Iglesias,Tonight (I'm Fuckin' You),63,0,0
JAY-Z,Izzo (H.O.V.A.),63,1,0
Beyoncé,Baby Boy (feat. Sean Paul),63,1,1
Kelis,Trick Me,63,1,0
Pretty Ricky,Grind With Me,63,1,1
Basshunter,Now You're Gone - Video Edit,63,1,1
Coldplay,Violet Hill,63,1,0
Ludacris,How Low,63,1,1
Lady A,Just A Kiss,63,1,1
Kendrick Lamar,Swimming Pools (Drank) - Extended Version,63,1,1
G-Eazy,Good Life (with G-Eazy & Kehlani),63,1,1
Alexandra Burke,Hallelujah,63,2,0
Eminem,We Made You,63,2,1
Jason Derulo,Don't Wanna Go Home,63,2,0
6ix9ine,GUMMO,63,2,1
Britney Spears,Everytime,63,3,1
Wiz Khalifa,Roll Up,63,3,1
112,Peaches & Cream,63,4,0
Backstreet Boys,Incomplete,63,4,1
Blue,All Rise,63,5,0
Wayne Wonder,No Letting Go,63,5,0
Example,Kickstarts,63,5,1
Ed Sheeran,Antisocial (with Travis Scott),63,5,0
Diddy,I Need a Girl (Pt. 1) [feat. Usher & Loon],63,6,1
Matchbox Twenty,Unwell,63,6,0
Beyoncé,Naughty Girl,63,6,0
E-40,U and Dat (feat. T. Pain & Kandi Girl),63,6,0
Pitbull,Hotel Room Service,63,6,1
Ylvis,The Fox (What Does the Fox Say?),63,6,1
S Club 7,Don't Stop Movin',63,7,1
The Roots,The Seed (2.0),63,7,1
Spiderbait,Black Betty - Edit,63,7,0
The Chemical Brothers,Galvanize,63,7,1
D4L,Laffy Taffy,63,7,0
Destiny's Child,Soldier (feat. T.I. & Lil' Wayne),63,7,1
D4L,Laffy Taffy,63,7,0
Scissor Sisters,I Don't Feel Like Dancin',63,7,1
Christina Aguilera,Ain't No Other Man,63,7,1
Drake,Pop Style,63,7,1
Donell Jones,"U Know What's Up (feat. Lisa ""Left Eye"" Lopes)",63,8,0
DJ Sammy,Heaven,63,8,1
Kaiser Chiefs,I Predict A Riot,63,8,1
Fergie,Fergalicious,63,8,0
Ellie Goulding,Lights - Single Version,63,8,0
Zedd,Stay The Night - Featuring Hayley Williams Of Paramore,63,8,1
Kent Jones,Don't Mind,63,8,1
Joel Corry,Sorry,63,8,0
Amy Winehouse,You Know I'm No Good,63,9,1
Swedish House Mafia,One (Your Name) - Radio Edit,63,9,0
Carrie Underwood,Blown Away,63,9,0
Ella Henderson,Ghost,63,9,1
Selena Gomez & The Scene,Naturally,63,10,0
Enrique Iglesias,I Like It,63,10,0
Justin Bieber,Boyfriend,63,10,0
KALEO,Way down We Go,63,10,0
T.I.,Bring Em Out,63,11,1
Chris Brown,Gimme That,63,11,0
Steve Aoki,Just Hold On,63,11,1
Hilltop Hoods,1955,63,11,1
Rita Ora,Anywhere,63,11,0
Sting,Desert Rose,62,0,0
Nickelback,Gotta Be Somebody,62,0,1
3OH!3,My First Kiss (feat. Ke$ha),62,0,1
Labrinth,Earthquake (feat. Tinie Tempah),62,0,0
will.i.am,This Is Love,62,0,0
Tinie Tempah,Girls Like (feat. Zara Larsson),62,0,1
PARTYNEXTDOOR,Not Nice,62,0,1
Fifth Harmony,All In My Head (Flex) (feat. Fetty Wap),62,0,0
Big Shaq,Man's Not Hot,62,0,1
Luis Fonsi,Échame La Culpa,62,0,1
Sophie Ellis-Bextor,Murder On The Dancefloor,62,1,0
B2K,Bump Bump Bump (feat. P. Diddy),62,1,0
Beyoncé,Me Myself and I,62,1,1
Ludacris,Money Maker,62,1,1
Bubba Sparxxx,Ms. New Booty,62,1,1
Boys Like Girls,The Great Escape,62,1,0
OneRepublic,Counting Stars,62,1,0
Calvin Harris,Bounce (feat. Kelis) - Radio Edit,62,2,0
JAY-Z,Holy Grail,62,2,0
Sam Smith,Money On My Mind,62,2,1
Charlie Puth,Dangerously,62,2,0
Liam Payne,For You (Fifty Shades Freed) (& Rita Ora),62,2,0
Plan B,She Said,62,3,0
Sonique,It Feels So Good,62,5,0
Geri Halliwell,It's Raining Men,62,5,0
Black Eyed Peas,Don't Phunk With My Heart,62,5,0
Ray J,One Wish,62,5,0
Lloyd,Get It Shawty,62,5,0
Leona Lewis,Run,62,5,0
Nicole Scherzinger,Don't Hold Your Breath,62,5,0
All Saints,Pure Shores,62,6,1
Kylie Minogue,In Your Eyes,62,6,0
Justin Timberlake,Like I Love You,62,6,0
Bow Wow,Let Me Hold You (feat. Omarion),62,6,1
Ryan Cabrera,TRUE,62,6,1
Chingy,Pullin' Me Back,62,7,1
Maroon 5,Makes Me Wonder,62,7,1
Calvin Harris,We'll Be Coming Back (feat. Example),62,7,1
Chris Brown,Don't Wake Me Up,62,7,0
The-Dream,I Luv Your Girl,62,8,1
Trey Songz,Can't Help but Wait,62,8,0
The-Dream,Rockin' That Shit,62,8,1
Asher Roth,I Love College,62,8,1
Sigma,Nobody To Love - Radio Edit,62,8,1
Natasha Bedingfield,Pocketful of Sunshine,62,9,0
Trey Songz,Na Na,62,9,0
Trey Songz,Na Na,62,9,0
David Guetta,Gettin' Over You (feat. Fergie & LMFAO),62,10,0
Fabolous,Make Me Better,62,11,1
Wiz Khalifa,Work Hard Play Hard,62,11,1
The Supermen Lovers,Starlight - Radio Edit,61,0,1
Britney Spears,Overprotected - Radio Edit,61,0,0
Franz Ferdinand,Do You Want To,61,0,1
Madonna,Sorry,61,0,0
Black Eyed Peas,Imma Be,61,0,1
Christina Aguilera,I Turn to You,61,1,1
Lifehouse,Hanging By A Moment,61,1,1
Sean Paul,Like Glue,61,1,1
Ja Rule,Mesmerize,61,1,1
Destiny's Child,Lose My Breath,61,1,1
Busta Rhymes,Touch It,61,1,1
Colby O'Donis,What You Got,61,1,1
Mac Miller,Donald Trump,61,1,0
Tyga,Rack City,61,1,1
ScHoolboy Q,Hands on the Wheel (feat. Asap Rocky),61,1,0
Young T & Bugsey,Strike a Pose (feat. Aitch),61,1,1
Ashanti,Happy,61,2,0
Switchfoot,Meant to Live,61,2,1
Melanie C,Never Be The Same Again,61,3,1
Nelly,Air Force Ones,61,4,0
Chingy,One Call Away,61,4,0
Sandi Thom,I Wish I Was a Punk Rocker (with Flowers in My Hair),61,4,1
Plies,Shawty (feat. T Pain),61,4,0
Bone Thugs-N-Harmony,I Tried,61,4,1
Far East Movement,Rocketeer,61,4,0
Avril Lavigne,Nobody's Home,61,5,0
Britney Spears,Break the Ice,61,5,0
Plies,Bust It Baby Pt. 2 (feat. Ne-Yo),61,5,0
Bastille,Of The Night,61,5,0
Gorgon City,Ready For Your Love,61,5,1
Mary J. Blige,No More Drama,61,6,0
Lumidee,Never Leave You (Uh Oooh Uh Oooh),61,6,1
Usher,Caught Up,61,6,1
Wale,Bad (feat. Rihanna) - Remix,61,6,0
LeAnn Rimes,I Need You,61,7,1
Chingy,Holidae In,61,7,1
Special D.,Come With Me - Radio Edit,61,7,1
Ciara,Oh (feat. Ludacris),61,7,1
Kanye West,Diamonds From Sierra Leone - Remix,61,7,1
Nelly,Over And Over,61,7,1
Shop Boyz,Party Like A Rock Star,61,7,1
The Saturdays,What About Us,61,7,1
Taylor Swift,Style,61,7,1
Maggie Lindemann,Pretty Girl - Cheat Codes X CADE Remix,61,7,0
Panjabi MC,Mundian to Bach Ke,61,8,0
Christina Aguilera,Can't Hold Us Down (feat. Lil' Kim),61,8,1
Lloyd Banks,On Fire,61,8,1
Taio Cruz,Higher,61,8,0
O.T. Genasis,CoCo,61,8,1
Fabolous,Can't Let You Go (feat. Mike Shorey & Lil' Mo),61,9,1
Alicia Keys,You Don't Know My Name,61,9,1
Black Eyed Peas,Don't Lie,61,9,1
Olly Murs,Heart Skips a Beat (feat. Rizzle Kicks),61,9,1
Calvin Harris,Drinking from the Bottle (feat. Tinie Tempah),61,9,0
Dua Lipa,New Rules,61,9,0
G-Unit,Wanna Get To Know You,61,10,0
Kesha,Blah Blah Blah (feat. 3OH!3),61,10,1
The Saturdays,Higher,61,10,1
Gym Class Heroes,Ass Back Home (feat. Neon Hitch),61,10,1
Ying Yang Twins,Salt Shaker,61,11,1
The Vamps,Middle Of The Night,61,11,0
*NSYNC,It's Gonna Be Me,60,0,0
S Club 7,Have You Ever,60,0,1
P!nk,Don't Let Me Get Me - Radio Edit,60,0,0
Katie Melua,Nine Million Bicycles,60,0,1
Dizzee Rascal,Holiday,60,0,1
Ricky Martin,She Bangs - English Version,60,1,1
Sisqo,Incomplete,60,1,0
Jennifer Lopez,All I Have (feat. LL Cool J),60,1,1
Jax Jones,All Day And Night,60,1,0
Christina Milian,When You Look At Me - Radio Edit,60,3,0
Tyrese,How You Gonna Act Like That,60,3,0
Keyshia Cole,Last Night,60,3,0
Elvis Presley,A Little Less Conversation - JXL Radio Edit Remix,60,4,0
Nelly,Grillz,60,4,0
Flo Rida,I Cry,60,4,0
Gwen Stefani,What You Waiting For?,60,5,1
Dem Franchize Boyz,Lean Wit It Rock Wit It,60,5,1
Clean Bandit,Tears (feat. Louisa Johnson),60,5,0
Ludacris,Rollout (My Business),60,7,1
P!nk,F**kin' Perfect,60,7,1
Craig David,Fill Me In,60,8,1
Gabrielle,Rise,60,8,1
Craig David,Fill Me In,60,8,1
Faith Hill,There You'll Be,60,8,1
Gabrielle,Rise,60,8,1
Marilyn Manson,Tainted Love,60,8,1
Blue,One Love,60,8,0
Michelle Branch,All You Wanted,60,8,1
Girls Aloud,Jump,60,8,1
No Doubt,It's My Life,60,8,0
No Doubt,It's My Life,60,8,0
50 Cent,Outta Control - Remix,60,8,0
Chase & Status,Blind Faith,60,9,0
Charlene Soraia,Wherever You Will Go,60,9,1
Katy Perry,This Is How We Do,60,9,0
Christina Milian,AM To PM,60,10,0
Ronan Keating,If Tomorrow Never Comes,60,10,1
B Young,Jumanji,60,10,0
Papa Roach,Scars,60,11,1
The Game,My Life,60,11,1
Jennifer Hudson,Spotlight,60,11,0
Usher,Hey Daddy (Daddy's Home),60,11,1
Alex Clare,Too Close,60,11,0
Ronan Keating,Life Is A Rollercoaster,59,0,1
Mis-Teeq,Scandalous - U.S. Radio Edit,59,0,0
Baby Boy Da Prince,The Way I Live - Main Explicit,59,0,1
Tinchy Stryder,Number 1,59,0,0
Mýa,Case Of The Ex (Whatcha Gonna Do),59,1,0
Disturbing Tha Peace,Move Bitch,59,1,1
Usher,U Don't Have to Call,59,1,1
Ultrabeat,Pretty Green Eyes - Radio Edit,59,1,0
Ginuwine,In Those Jeans,59,1,1
Sean Paul,We Be Burnin',59,1,1
Ludacris,Get Back,59,1,1
Ciara,Get Up (feat. Chamillionaire),59,1,0
Gym Class Heroes,Cupid's Chokehold / Breakfast in America - Radio Mix,59,1,0
Wiley,Wearing My Rolex - Radio Edit,59,1,1
Sean Paul,Gimme the Light,59,2,1
Gwen Stefani,Cool,59,2,1
Pitbull,I Know You Want Me (Calle Ocho),59,2,1
Lemaitre,Closer,59,2,0
Soulja Boy,Turn My Swag On,59,3,0
Taylor Swift,I Knew You Were Trouble.,59,3,0
JAY-Z,I Just Wanna Love U (Give It 2 Me),59,4,0
Pretty Ricky,Your Body,59,4,0
Razorlight,In The Morning,59,4,0
OneRepublic,Stop And Stare,59,4,1
Rizzle Kicks,Down With The Trumpets,59,4,0
David Guetta,Flames,59,5,0
Sugababes,Round Round,59,6,0
Céline Dion,A New Day Has Come - Radio Remix,59,6,1
Craig David,Rise & Fall (feat. Sting),59,6,0
Britney Spears,Me Against the Music (feat. Madonna) - LP Version / Video Mix,59,6,0
LMC,Take Me To The Clouds Above - LMC Vs. U2 / Radio Edit,59,6,1
Girls Aloud,Love Machine,59,7,1
OneRepublic,Love Runs Out,59,7,1
MiMS,This Is Why I'm Hot,59,8,1
La Roux,In For The Kill,59,8,0
Christina Perri,human,59,8,1
Khia,My Neck My Back (Lick It),59,9,0
J-Kwon,Tipsy - Club Mix,59,9,0
Lloyd,Southside,59,9,0
Kelly Clarkson,Behind These Hazel Eyes,59,9,1
Montell Jordan,Get It On Tonite,59,10,0
Mariah Carey,Thank God I Found You (feat. Joe & 98°),59,10,1
Houston,I Like That,59,10,0
Trick Daddy,I'm a Thug,59,11,1
Keane,Is It Any Wonder?,59,11,0
Fat Joe,Make It Rain,59,11,0
T2,Heartbroken - Edit,59,11,0
Fabolous,Throw It In The Bag,59,11,0
Kelly Rowland,Commander,59,11,0
Olly Murs,Dear Darlin',59,11,0
ZAYN,PILLOWTALK,59,11,1
Cardi B,Bodak Yellow,59,11,0
Atomic Kitten,Eternal Flame - Single Version,58,0,1
Elliott Yamin,Wait for You,58,0,1
Ronan Keating,Lovin' Each Day,58,1,1
Eve,Gangsta Lovin',58,1,0
Sugababes,Too Lost In You,58,1,0
Sugababes,Too Lost In You,58,1,0
Kaiser Chiefs,Everyday I Love You Less And Less,58,1,0
Keyshia Cole,Let It Go,58,1,1
Waka Flocka Flame,No Hands (feat. Roscoe Dash & Wale),58,1,1
Tyga,Faded,58,1,1
Vengaboys,Shalala Lala,58,2,1
Robbie Williams,Tripping,58,2,0
Take That,Rule The World - Radio Edit,58,2,1
Fergie,Clumsy,58,2,1
N.O.R.E.,Nothin',58,3,0
Britney Spears,I'm Not a Girl Not Yet a Woman,58,3,1
Avril Lavigne,Don't Tell Me,58,4,1
DJ Fresh,Hot Right Now (feat. RITA ORA) - Radio Edit,58,4,0
Madonna,American Pie,58,5,0
Simply Red,Sunrise,58,5,0
Akon,Smack That,58,5,0
Nas,I Can,58,6,0
The Streets,Fit but You Know It,58,6,1
The Veronicas,Untouched,58,6,0
Naughty Boy,La La La,58,6,0
Madonna,Music,58,7,1
Lil Wayne,Got Money,58,7,1
Selena Gomez,The Heart Wants What It Wants,58,7,0
Sean Paul,(When You Gonna) Give It Up to Me (feat. Keyshia Cole) - Radio Version,58,8,1
J. Holiday,Suffocate - Superclean,58,9,0
DJ Ötzi,Hey Baby (Radio Mix),58,10,1
Blue,If You Come Back,58,10,1
Daniel Bedingfield,If You're Not The One,58,10,1
Daniel Bedingfield,If You're Not The One,58,10,1
Ciara,Love Sex Magic (feat. Justin Timberlake),58,10,0
Britney Spears,Born to Make You Happy,58,11,0
Truth Hurts,Addictive,58,11,0
Musiq Soulchild,Halfcrazy,58,11,0
Girls Aloud,Sound Of The Underground,58,11,1
Destiny's Child,Cater 2 U,58,11,0
Jax Jones,Breathe,58,11,0
Jax Jones,Breathe,58,11,0
Missy Elliott,Gossip Folks (feat. Ludacris),57,0,1
Jessica Simpson,With You,57,0,1
K'NAAN,Wavin' Flag,57,0,1
Gotye,Somebody That I Used To Know,57,0,1
Baauer,Harlem Shake,57,0,1
Anne-Marie,Alarm,57,0,1
Doja Cat,Juicy,57,0,1
112,It's Over Now,57,1,1
Jennifer Lopez,Play,57,1,0
Room 5,Make Luv,57,1,1
50 Cent,"Wanksta - From ""8 Mile"" Soundtrack",57,1,1
Nelly,My Place,57,1,0
Fergie,London Bridge,57,1,1
Justin Timberlake,LoveStoned / I Think She Knows (Interlude),57,1,1
Alexandra Burke,Bad Boys (feat. Flo Rida),57,1,1
Zay Hilfigerrr,Juju on That Beat (TZ Anthem),57,1,1
NSG,Options,57,1,0
Jordin Sparks,Battlefield,57,2,1
Jessie J,Do It Like A Dude,57,2,1
Zara Larsson,I Would Like,57,2,0
MIKA,Love Today,57,4,1
Anne-Marie,Ciao Adios,57,4,0
Donell Jones,Where I Wanna Be,57,5,0
Floetry,Say Yes,57,5,0
Westlife,Mandy,57,5,1
N.E.R.D,She Wants To Move,57,5,1
Ne-Yo,Beautiful Monster,57,5,0
Ashley O,On A Roll,57,5,1
Joe,Stutter (feat. Mystikal) - Double Take Remix,57,6,1
Sugababes,Hole In The Head,57,6,0
Ludacris,Stand Up,57,6,1
Bow Wow,Outta My System (feat. T-Pain & Johntá Austin),57,6,1
Mystikal,Shake Ya Ass,57,7,1
Alanis Morissette,Hands Clean,57,7,1
Blue,Sorry Seems To Be The Hardest Word,57,7,0
Ying Yang Twins,Wait (The Whisper Song),57,7,1
The Pussycat Dolls,Beep,57,7,1
Beyoncé,Deja Vu (feat. Jay-Z),57,7,1
Calvin Harris,Acceptable in the 80's,57,7,1
Pendulum,Propane Nightmares,57,7,0
Santana,Into the Night (feat. Chad Kroeger),57,7,1
The Prodigy,Omen,57,7,1
Tinie Tempah,Written in the Stars (feat. Eric Turner),57,7,1
Drake,Over,57,7,1
2Pac,Until The End Of Time,57,8,1
Leona Lewis,A Moment Like This,57,8,1
Omarion,Ice Box,57,8,1
Madonna,Give It 2 Me,57,8,0
Danity Kane,Damaged,57,8,0
Keri Hilson,Knock You Down,57,8,1
Missy Elliott,One Minute Man (feat. Ludacris),57,9,1
D12,How Come,57,9,1
Infernal,From Paris to Berlin,57,9,0
Nelly,Hey Porsche,57,9,1
Erick Sermon,Music (feat. Marvin Gaye),57,10,0
George Michael,Amazing,57,10,0
Pretty Ricky,On the Hotline - Amended Version,57,10,0
Florida Georgia Line,Cruise,57,10,1
Kelis,Millionaire,57,11,1
Rich Boy,Throw Some D's,57,11,1
Adam Lambert,Whataya Want from Me,57,11,0
Take That,The Flood,57,11,0
O-Zone,Dragostea Din Tei,56,0,1
Anastacia,Sick and Tired,56,0,1
LL Cool J,Headsprung,56,0,1
3 Doors Down,It's Not My Time,56,0,1
The Goo Goo Dolls,Here Is Gone,56,1,1
Wyclef Jean,Sweetest Girl (Dollar Bill) (feat. Akon Lil' Wayne & Niia),56,1,1
Jordin Sparks,One Step At a Time,56,1,1
Banx & Ranx,Answerphone (feat. Yxng Bane),56,1,0
Cashmere Cat,Miss You (with Major Lazer & Tory Lanez),56,1,1
3LW,No More (Baby I'ma Do Right),56,2,0
Black Eyed Peas,Shut Up,56,2,1
Petey Pablo,Freek-A-Leek,56,2,1
Ashlee Simpson,Pieces Of Me,56,2,1
U2,Sometimes You Can't Make It On Your Own,56,2,1
Madison Avenue,Don't Call Me Baby,56,3,0
Sunshine Anderson,Heard It All Before,56,3,0
Jibbs,Chain Hang Low,56,4,0
Jack White,Another Way to Die,56,4,0
Jagged Edge,Promise,56,5,0
JAY-Z,Excuse Me Miss,56,6,1
Ashanti,Only U - No Intro,56,6,0
Gabriella Cilmi,Sweet About Me,56,6,1
Drake,Find Your Love,56,6,0
Jason Derulo,Talk Dirty (feat. 2 Chainz),56,6,1
Jason Derulo,Talk Dirty (feat. 2 Chainz),56,6,1
Eiffel 65,Move Your Body - Gabry Ponte Original Radio Edit,56,7,1
Daniel Bedingfield,Gotta Get Thru This - D'N'D Radio Edit,56,7,0
Craig David,Don't Love You No More (I'm Sorry),56,7,1
OPM,Heaven Is a Halfpipe (If I Die),56,8,1
Avant,Read Your Mind,56,8,0
Rob Thomas,Lonely No More,56,9,0
The Raconteurs,Steady As She Goes,56,9,1
Ciara,Promise,56,9,1
Kelly Clarkson,Already Gone,56,9,1
Marc Anthony,You Sang To Me,56,10,1
Enrique Iglesias,Escape,56,11,1
Twista,Sunshine (feat. Anthony Hamilton),56,11,1
Snoop Dogg,Sensual Seduction,56,11,1
Blake Shelton,Sure Be Cool If You Did,56,11,1
Avant,Separated,55,0,1
Case,Missing You,55,1,0
Rihanna,Hard,55,1,1
Years & Years,Shine,55,1,0
Kylie Minogue,Love at First Sight,55,3,0
Ashanti,Baby,55,4,0
Katie Melua,The Closest Thing to Crazy,55,4,1
Jaheim,Put That Woman First,55,5,0
Kylie Minogue,Spinning Around,55,6,0
Busta Rhymes,Pass The Courvoisier Part II (feat. P. Diddy & Pharrell) - Remix,55,6,0
Kylie Minogue,Spinning Around,55,6,0
Will Young,Leave Right Now,55,6,1
Will Young,Leave Right Now,55,6,1
Destiny's Child,Girl,55,6,0
Diddy,Come to Me (feat. Nicole Scherzinger),55,6,0
Taylor Swift,You Belong With Me,55,6,1
DJ Fresh,Louder (feat. Sian Evans) - Radio Edit,55,6,0
Fetty Wap,My Way (feat. Monty),55,6,1
The Ting Tings,Shut Up and Let Me Go,55,7,1
Calvin Harris,I'm Not Alone - Radio Edit,55,7,1
Robin Thicke,Blurred Lines,55,7,1
SAYGRACE,You Don't Own Me (feat. G-Eazy),55,7,1
Jagged Edge,He Can't Love U,55,8,0
Alicia Keys,Diary (feat. Tony! Toni! Tone! & Jermaine Paul),55,8,0
Kiiara,Gold,55,8,1
Sammie,I Like It,55,9,1
"H ""two"" O",What's It Gonna Be (feat. Platnum),55,9,1
John Legend,Green Light (feat. André 3000),55,9,0
99 Souls,The Girl Is Mine,55,9,1
P!nk,There You Go,55,10,0
Jeezy,Soul Survivor,55,10,1
Omarion,Post to Be (feat. Chris Brown & Jhene Aiko),55,10,0
Bomfunk MC's,Freestyler,55,11,0
Kandi,Don't Think I'm Not,55,11,1
Rui Da Silva,Touch Me (Radio Edit) [feat. Cassandra],54,0,1
Ludacris,Southern Hospitality (Featuring Pharrell),54,0,1
Melanie C,I Turn To You,54,1,1
Enrique Iglesias,Be With You,54,1,0
Trey Songz,Say Aah (feat. Fabolous),54,1,0
DJ Pied Piper & The Masters Of Ceremonies,Do You Really Like It? - Radio Edit,54,2,1
Jordin Sparks,Tattoo,54,2,1
Pixie Lott,Mama Do (Uh Oh Uh Oh),54,3,0
Savage Garden,Crash and Burn,54,4,1
Holly Valance,Kiss Kiss,54,4,0
Erykah Badu,Bag Lady,54,5,0
Gym Class Heroes,Cookie Jar (feat. The-Dream),54,5,1
Lily Allen,Not Fair,54,5,1
Drake,Best I Ever Had,54,5,0
Ellie Goulding,Starry Eyed,54,5,0
Matchbox Twenty,Bent,54,6,0
Youngbloodz,Damn! (feat. Lil' Jon) - Club Mix,54,6,0
Bodyrockers,I Like The Way - Radio Edit,54,6,1
Delta Goodrem,Lost Without You,54,7,1
Kelly Rowland,Stole,54,7,0
Snoop Dogg,Signs,54,7,1
Swedish House Mafia,Miami 2 Ibiza - Swedish House Mafia vs. Tinie Tempah,54,7,0
Taylor Swift,Bad Blood,54,7,1
iio,Rapture (feat.Nadia Ali),54,8,1
Delta Goodrem,Born to Try,54,8,1
Moloko,The Time Is Now,54,9,0
Emma Bunton,What Took You So Long?,54,9,0
Kanye West,Stronger,54,10,0
Disclosure,White Noise,54,10,0
M.O,Bad Vibe,54,10,1
M.O.P.,Cold as Ice,54,11,0
Madonna,Die Another Day,53,0,0
Akon,I Wanna Love You,53,0,1
Jason Derulo,Trumpets,53,0,1
Gareth Gates,Anyone of Us (Stupid Mistake),53,1,1
JAY-Z,Dirt Off Your Shoulder,53,1,1
Tinie Tempah,Pass Out,53,1,1
Manic Street Preachers,Your Love Alone Is Not Enough (feat. Nina Persson),53,2,1
Jason Aldean,Dirt Road Anthem,53,2,1
Juice WRLD,Robbery,53,2,1
Flume,Say It,53,3,0
Sam Sparro,Black & Gold - Radio Edit,53,4,0
Lana Del Rey,Born To Die,53,4,0
Faithless,We Come 1 - Radio Edit,53,5,0
A1,Caught in the Middle,53,5,1
Chris Brown,Beautiful People,53,5,0
Avicii,Silhouettes - Original Radio Edit,53,5,0
Avicii,Lonely Together (feat. Rita Ora),53,5,1
Aaliyah,Try Again,53,6,0
Madonna,Don't Tell Me,53,7,1
Steps,It's the Way You Make Me Feel,53,8,1
Da Brat,What'chu Like (feat. Tyrese),53,10,0
Jennifer Lopez,I'm Gonna Be Alright (feat. Nas),53,10,0
Britney Spears,My Prerogative,53,10,0
Lily Allen,The Fear,53,10,1
Faith Evans,I Love You,53,11,0
Black Eyed Peas,Let's Get It Started - Spike Mix,53,11,0
Nicki Minaj,Bed Of Lies,53,11,1
J Balvin,Mi Gente,53,11,0
Scouting For Girls,This Ain't a Love Song,52,0,1
Carl Thomas,I Wish,52,1,1
Nelly,Shake Ya Tailfeather (feat. P. Diddy & Murphy Lee) - 2016 Remaster,52,1,1
David Banner,Play,52,1,0
Natalie Imbruglia,Shiver,52,1,1
3 Doors Down,Let Me Go,52,1,0
P!nk,Most Girls,52,2,0
Eminem,Ass Like That,52,2,1
Akon,Don't Matter,52,2,1
Just Jack,Starz In Their Eyes,52,3,1
Alicia Keys,A Woman's Worth,52,4,0
Ciara,1 2 Step (feat. Missy Elliott) - Main,52,5,0
Alesso,Heroes (we could be),52,5,1
Kanye West,Flashing Lights,52,6,0
Next,Wifey,52,7,0
DEV,In The Dark,52,8,1
Ruff Endz,No More,52,10,0
Ricky Martin,Nobody Wants to Be Lonely (with Christina Aguilera),52,10,0
Brandy,Full Moon,52,10,0
Amerie,1 Thing,52,10,0
Huey,Pop Lock & Drop It - Video Edit,52,11,0
Mario,Break Up,51,0,1
Kris Allen,Live Like We're Dying,51,0,1
So Solid Crew,21 Seconds,51,1,1
Ludacris,Runaway Love,51,1,1
Icona Pop,I Love It,51,1,1
Outkast,The Whole World (feat. Killer Mike),51,2,1
Alesha Dixon,The Boy Does Nothing,51,3,0
Gavin DeGraw,In Love With a Girl,51,3,1
Illy,Papercuts (feat. Vera Blue),51,6,0
Nicky Jam,El Perdón - Forgiveness,51,8,1
The Ting Tings,That's Not My Name,51,9,1
Lykke Li,I Follow Rivers - The Magician Remix,51,9,0
DJ Khaled,All I Do Is Win (feat. T-Pain Ludacris Snoop Dogg & Rick Ross),51,10,1
DJ Casper,Cha Cha Slide - Hardino Mix,51,11,0
Alok,Hear Me Now,51,11,1
Kodak Black,Tunnel Vision,51,11,0
Jonas Blue,Mama,51,11,0
*NSYNC,Girlfriend,50,0,0
Klingande,Jubel - Radio Edit,50,0,1
Trillville,Some Cut,50,1,1
Roger Sanchez,Another Chance,50,3,1
Kelis,Bossy,50,4,1
Jason Aldean,Big Green Tractor,50,4,1
Blake Shelton,Honey Bee,50,4,1
Brandy,Another Day in Paradise - R&B-Version,50,6,0
David Guetta,Lovers on the Sun (feat. Sam Martin),50,6,0
Counting Crows,Big Yellow Taxi,50,8,1
Ashanti,Rain On Me,50,8,0
Jason Derulo,The Other Side,50,9,1
Alicia Keys,Karma,50,10,1
Fragma,Everytime You Need Me - Radio Version,50,11,0
MARINA,How to Be a Heartbreaker,50,11,0
Missy Elliott,Hot Boyz,49,1,1
Fuel,Hemorrhage (In My Hands),49,1,1
Missy Elliott,4 My People (feat. Eve),49,1,1
Bob Sinclar,Love Generation - Radio Edit,49,1,1
James Morrison,Wonderful World,49,1,1
B2K,Uh Huh,49,2,1
Black Eyed Peas,Hey Mama,49,4,0
Charli XCX,Boom Clap,49,4,1
Frankie J,Don't Wanna Try,49,5,0
JoJo,Leave (Get Out) - Radio Edit,49,5,1
Katy Perry,Waking Up In Vegas,49,5,0
Flo Rida,GDFR (feat. Sage the Gemini & Lookas),49,5,1
Debelah Morgan,Dance with Me,49,7,0
Fatman Scoop,Be Faithful,49,7,1
ZHU,Faded,49,9,0
Major Lazer,Light It Up (feat. Nyla & Fuse ODG) - Remix,49,9,0
Girls Aloud,Something Kinda Ooooh,49,11,0
Sak Noel,Loca People - Radio Edit,49,11,0
Tamia,Stranger in My House,48,0,1
Amanda Perez,Angel,48,0,1
Peking Duk,High (feat. Nicole Millar),48,0,0
Martin Solveig,Intoxicated - New Radio Mix,48,0,1
Starley,Call on Me - Ryan Riback Remix,48,0,1
Lil' Kim,The Jump Off (feat. Mr. Cheeks) - Remix,48,1,1
Unk,Walk It Out,48,1,0
Beyoncé,Sweet Dreams,48,1,1
Mýa,My Love Is Like...Wo - Main Mix,48,4,1
JoJo,Too Little Too Late,48,6,0
Chip,Champion (feat. Chris Brown),48,6,0
Blue,U Make Me Wanna - Radio Edit,48,7,1
Rita Ora,How We Do (Party),48,7,1
Birdy,Wings,48,7,1
Eminem,Like Toy Soldiers,48,8,0
Dirty Vegas,Days Go By,48,9,0
Robbie Williams,Eternity,48,10,1
Mann,Buzzin Remix,48,10,0
Ludacris,Splash Waterfalls,48,11,1
David Guetta,Bang My Head (feat. Sia & Fetty Wap),47,0,1
Lil Jon & The East Side Boyz,Get Low,47,1,1
Kanye West,Homecoming,47,1,1
Sidney Samson,Riverside,47,1,0
Scooter,Nessaja,47,2,1
Creed,One Last Breath - Radio Version,47,2,1
Lil' Kim,Magic Stick,47,2,1
Five,Let's Dance - Radio Edit,47,4,0
Janet Jackson,Doesn't Really Matter,47,5,0
Kanye West,Can't Tell Me Nothing,47,5,0
Charli Baltimore,Down 4 U,47,7,1
Kylie Minogue,I Believe in You,47,7,1
Kylie Minogue,Wow,47,9,1
Chicane,Don't Give Up,47,10,0
Hayden James,NUMB,47,10,0
Kelly Clarkson,Miss Independent,47,11,0
Mark Ronson,Stop Me (feat. Daniel Merriweather),46,0,1
Duck Sauce,Barbra Streisand - Radio Edit,46,1,1
Meck,Thunder in My Heart Again (Radio Edit),46,2,0
Matt Cardle,When We Collide,46,2,1
Orson,No Tomorrow,46,3,0
Adam Lambert,Ghost Town,46,4,0
Scooter,The Logical Song,46,6,0
Lemar,If There's Any Justice,46,6,0
P!nk,Sober,46,6,1
Daniel Bedingfield,Gotta Get Thru This - D'N'D Radio Edit,46,7,0
Mis-Teeq,All I Want - Sunship Radio Edit,46,9,0
will.i.am,Heartbreaker,46,9,0
Sigala,Sweet Lovin' - Radio Edit,46,10,1
Rita Ora,R.I.P. (feat. Tinie Tempah),46,11,0
Kanye West,Good Life,45,1,1
Sugababes,Freak Like Me,45,5,1
David Guetta,Bad (feat. Vassy) - Radio Edit,45,5,0
Big Brovaz,Nu Flow,45,7,1
Beyoncé,Check On It (feat. Slim Thug),45,7,1
Enrique Iglesias,Do You Know? (The Ping Pong Song),45,8,1
Daughtry,It's Not Over,45,10,0
*NSYNC,Gone,45,11,0
Christina Milian,Dip It Low,45,11,0
MNEK,Never Forget You,45,11,0
Dido,White Flag,44,5,1
Dido,White Flag,44,5,1
Samantha Mumba,Gotta Tell You,43,0,0
Ida Corr,Let Me Think About It,43,0,0
Brandy,What About Us?,43,5,0
Liberty X,Just A Little,43,5,0
Scissor Sisters,Comfortably Numb,43,7,1
Jessica Simpson,Irresistible,43,8,0
Lil' Flip,Sunshine (feat. Lea),42,0,1
Mariah Carey,Loverboy,42,1,1
Fort Minor,Where'd You Go (feat. Holly Brook & Jonah Matranga),42,1,0
6ix9ine,FEFE,42,1,1
Example,Changed the Way You Kiss Me - Radio Edit,42,4,0
Jay Sean,Eyes On You - Radio Mix,42,7,1
INNA,Hot - Play & Win Radio Version,42,7,0
Brian McFadden,Almost Here,42,9,0
LL Cool J,Control Myself,42,10,0
Aaliyah,More Than A Woman,42,11,1
Fat Joe,Get It Poppin' (feat. Nelly) - Radio Version,41,1,1
Keri Hilson,Turnin Me On - Original Dirty,41,1,1
Default,Wasting My Time,40,2,1
Blazin' Squad,Crossroads - Radio Edit,40,4,1
Armand Van Helden,My My My - Radio Edit,40,7,1
Angie Martinez,If I Could Go! (feat. Lil' Mo & Sacario),40,9,0
Snoop Dogg,Drop It Like It's Hot,39,1,1
Snoop Dogg,Drop It Like It's Hot,39,1,1
t.A.T.u.,All The Things She Said,39,5,0
JLS,Everybody in Love,39,5,0
Fedde Le Grand,Put Your Hands Up for Detroit - Radio Edit,39,7,1
Professor Green,Read All About It,39,11,0
Rachel Stevens,Sweet Dreams My LA Ex - Radio Edit,38,2,1
Dizzee Rascal,Bonkers,38,11,0
Enrique Iglesias,Not In Love - Radio Mix,37,0,0
Nick Lachey,What's Left Of Me,37,7,1
Robyn,With Every Heartbeat,36,4,0
Bow Wow,Bounce With Me (feat. Xscape) - Edited Album Version,36,8,1
Aaliyah,Miss You - Main,36,10,1
Hinder,Lips Of An Angel,35,2,1
Snow Patrol,You're All I Have,35,2,1
Shontelle,Impossible,35,8,1
Gareth Gates,Unchained Melody,35,10,1
BTS,Boy With Luv (feat. Halsey),35,11,0
Will Smith,Switch,34,5,0
Kelly Rowland,Work,34,10,0
Robbie Williams,Radio,33,5,0
Lost Frequencies,Are You With Me - Radio Edit,33,5,0
Mary J. Blige,Rainy Dayz,32,6,1
3OH!3,Starstrukk,32,11,0
K-Ci & JoJo,Crazy,30,0,1
Hinder,Better Than Me,30,2,0
Akon,Bananza (Belly Dancer),28,10,0
Duke Dumont,Need U (100%) [feat. A*M*E] - Radio Edit,27,0,0
No Doubt,Underneath It All,27,4,1
Usher,Pop Ya Collar - Radio Edit,26,5,0
No Doubt,Hella Good,26,8,1
No Doubt,Hey Baby,24,11,0
Calvin Harris,Summer,21,4,0
Akon,Lonely,21,5,0
The Wanted,All Time Low,18,8,0
Camille Jones,The Creeps - Fedde Le Grand Radio Mix,17,6,1
Akon,Locked Up,16,7,1
Daddy Yankee,Gasolina,11,0,1
Lorde,Homemade Dynamite - REMIX,8,0,0
Ava Max,Sweet but Psycho,7,1,1
Avicii,Wake Me Up,6,2,1
Ava Max,So Am I,4,6,1
blackbear,do re mi,4,8,1
Baby Bash,Baby I'm Back,4,9,0
Adele,Someone Like You,4,9,1
Jay Sean,Down,3,2,1
Jay Sean,Down,3,2,1
The White Stripes,Seven Nation Army,3,4,0
T-Pain,Bartender (feat. Akon),3,8,1
Ariana Grande,Into You,3,9,1
T-Pain,Buy U a Drank (Shawty Snappin') (feat. Yung Joc),2,1,1
AWOLNATION,Sail,2,1,1
Adele,Set Fire to the Rain,2,2,0
Natasha Bedingfield,Unwritten,2,5,1
Mr. Probz,Waves - Robin Schulz Radio Edit,2,5,0
LL Cool J,Luv U Better,2,6,1
Avicii,Hey Brother,2,7,0
Adele,Rolling in the Deep,2,8,1
The xx,Intro,2,9,0
Jay Sean,Do You Remember,2,11,1
Lauv,i'm so tired...,2,11,1
Imagine Dragons,Thunder,1,0,1
Reik,Me Niego (feat. Ozuna & Wisin),1,0,0
Ray J,Sexy Can I feat. Yung Berg,1,1,1
Nelly Furtado,Turn Off The Light,1,2,1
Shayne Ward,That's My Goal,1,2,1
M.I.A.,Paper Planes,1,2,1
Lil Wayne,6 Foot 7 Foot,1,2,1
Daya,Sit Still Look Pretty,1,2,1
BLACKPINK,Kill This Love,1,2,1
Shayne Ward,No Promises,1,4,1
Little Mix,Black Magic,1,4,1
Adele,Chasing Pavements,1,5,0
Adele,Hello,1,5,0
Little Mix,Shout Out to My Ex,1,5,1
5 Seconds of Summer,Easier,1,5,1
Post Malone,Goodbyes (Feat. Young Thug),1,5,1
Yolanda Be Cool,We No Speak Americano (JT Radio Edit),1,6,1
Aloe Blacc,I Need A Dollar,1,6,0
Macklemore & Ryan Lewis,Thrift Shop (feat. Wanz),1,6,0
Rich Homie Quan,Flex (Ooh Ooh Ooh),1,6,0
Liam Payne,Strip That Down,1,6,1
Gigi D'Agostino,L'Amour Toujours,1,7,1
Guru Josh Project,Infinity 2008,1,7,0
Bingo Players,Get Up (Rattle) - Vocal Edit,1,7,1
Camila Cabello,Havana (feat. Young Thug),1,7,0
Jonas Blue,Fast Car,1,9,1
Nelly Furtado,I'm Like A Bird,1,10,1
Westlife,You Raise Me Up,1,10,1
Imagine Dragons,Believer,1,10,0
Blueface,Thotiana,1,10,0
Jax Jones,You Don't Know Me - Radio Edit,1,11,0
T-Pain,I'm Sprung,0,0,0
Eric Prydz,Proper Education - Radio Edit,0,0,1
P!nk,U + Ur Hand,0,0,1
Olly Murs,Troublemaker (feat. Flo Rida),0,0,0
Adele,Rumour Has It,0,0,1
Capital Cities,Safe And Sound,0,0,1
Storm Queen,Look Right Through - MK Vocal Edit,0,0,0
James Blunt,Bonfire Heart,0,0,1
Avril Lavigne,Here's to Never Growing Up,0,0,1
The Chainsmokers,#SELFIE - Original Mix,0,0,1
Alessia Cara,Here,0,0,1
Cheat Codes,Sex,0,0,1
Kungs,This Girl - Kungs Vs. Cookin' On 3 Burners,0,0,0
Flume,Never Be Like You,0,0,1
Kendrick Lamar,DNA.,0,0,1
Clean Bandit,Symphony (feat. Zara Larsson),0,0,0
ZAYN,"I Don’t Wanna Live Forever (Fifty Shades Darker) - From ""Fifty Shades Darker (Original Motion Picture Soundtrack)""",0,0,1
Lana Del Rey,Lust for Life (with The Weeknd),0,0,0
Mabel,Mad Love,0,0,0
Mariah Carey,Against All Odds (Take A Look at Me Now) (feat. Westlife),0,1,1
Musiq Soulchild,Love,0,1,0
Mark Ronson,Valerie (feat. Amy Winehouse) - Version Revisited,0,1,1
Jim Jones,We Fly High,0,1,1
Trey Songz,Bottoms Up (feat. Nicki Minaj),0,1,1
Kesha,C'Mon,0,1,0
Martin Garrix,Animals - Radio Edit,0,1,1
Kanye West,Black Skinhead,0,1,1
J. Cole,Power Trip (feat. Miguel),0,1,1
Maroon 5,Maps,0,1,0
Maroon 5,Sugar,0,1,1
Olly Murs,Wrapped Up (feat. Travie McCoy),0,1,1
Drake,Jumpman,0,1,1
Jonas Blue,Perfect Strangers,0,1,1
G-Eazy,No Limit,0,1,1
Kendrick Lamar,HUMBLE.,0,1,0
Loud Luxury,Body (feat. brando),0,1,1
Oasis,Go Let It Out,0,2,1
Basement Jaxx,Romeo,0,2,1
Grimes,Oblivion,0,2,1
Alesso,Years - ラジオ・エディット,0,2,1
One Direction,Live While We're Young,0,2,1
Tiësto,Wasted,0,2,1
Ellie Goulding,On My Mind,0,2,0
Drake,Hotline Bling,0,2,1
Luis Fonsi,Despacito (Featuring Daddy Yankee),0,2,1
G-Eazy,Him & I,0,2,1
Shawn Mendes,There's Nothing Holdin' Me Back,0,2,1
NLE Choppa,Shotta Flow (feat. Blueface) [Remix],0,2,1
Asaf Avidan & the Mojos,One Day / Reckoning Song (Wankelmut Remix) [Radio Edit],0,3,0
ScHoolboy Q,Man Of The Year,0,3,1
Charlie Puth,Attention,0,3,0
P!nk,Stupid Girls,0,4,0
Mariah Carey,Touch My Body,0,4,0
Years & Years,King,0,4,0
Justin Bieber,Love Yourself,0,4,1
CNCO,Reggaetón Lento (Remix),0,4,0
Shawn Mendes,Mercy,0,4,0
Jennifer Lopez,Ain't It Funny,0,5,0
Aaliyah,Rock The Boat,0,5,1
Basement Jaxx,Good Luck,0,5,1
Rascal Flatts,Life is a Highway,0,5,1
Guy Sebastian,Battle Scars (feat. Lupe Fiasco),0,5,0
Demi Lovato,Cool for the Summer,0,5,0
Selena Gomez,Good For You,0,5,0
The Lumineers,Ophelia,0,5,1
Axwell /\ Ingrosso,More Than You Know,0,5,0
A Boogie Wit da Hoodie,Drowning (feat. Kodak Black),0,5,0
AJR,Weak,0,5,1
DB Boulevard,Point Of View - Radio Edit,0,6,1
Two Door Cinema Club,What You Know,0,6,0
Robyn,Dancing On My Own,0,6,1
Lorde,Team,0,6,1
Childish Gambino,3005,0,6,0
BØRNS,Electric Love,0,6,0
Ariana Grande,Side To Side,0,6,0
Major Lazer,Cold Water (feat. Justin Bieber & MØ),0,6,0
Martin Jensen,Solo Dance,0,6,0
Fedde Le Grand,Put Your Hands Up For Detroit - Radio Edit,0,7,1
Lucenzo,Danza Kuduro (feat. Don Omar),0,7,1
Little Mix,Wings,0,7,1
Katy Perry,Unconditionally,0,7,1
Ariana Grande,Break Free,0,7,0
Sheppard,Geronimo,0,7,1
The Weeknd,In The Night,0,7,1
Zara Larsson,Lush Life,0,7,0
The Weeknd,Starboy,0,7,1
Astrid S,Hurts So Good,0,7,0
Ariana Grande,Dangerous Woman,0,7,1
Mariah Carey,It's Like That,0,8,0
Cascada,Everytime We Touch - Radio Edit,0,8,1
T-Pain,I'm N Luv (Wit a Stripper) (feat. Mike Jones),0,8,1
Otto Knows,Million Voices - Radio Edit,0,8,1
Zedd,Clarity,0,8,1
Silentó,Watch Me (Whip / Nae Nae),0,8,1
Kygo,Stole the Show,0,8,0
Justin Bieber,Friends (with BloodPop®),0,8,1
Westlife,The Rose,0,9,1
P!nk,Who Knew,0,9,1
Miley Cyrus,See You Again,0,9,0
Britney Spears,Work B**ch,0,9,1
Olly Murs,Up (feat. Demi Lovato),0,9,1
Zedd,I Want You To Know,0,9,0
Tove Lo,Cool Girl,0,9,0
DJ Snake,Middle,0,9,1
Maroon 5,Cold (feat. Future),0,9,0
Mariah Carey,Don't Forget About Us - Radio Edit,0,10,0
T-Pain,Can't Believe It (feat. Lil' Wayne),0,10,0
Stromae,Papaoutai,0,10,0
Chris Brown,Fine China,0,10,0
Tiësto,Red Lights,0,10,1
Electric Six,Danger! High Voltage - Soulchild Radio Mix,0,11,0
JLS,Beat Again - Radio Edit,0,11,1
Miley Cyrus,Can't Be Tamed,0,11,0
Tim Berg,Seek Bromance - Avicii’s Vocal Edit,0,11,1
Alexandra Stan,Mr. Saxobeat,0,11,0
Nicki Minaj,Super Bass,0,11,1
Lil Wayne,How To Love,0,11,1
Azealia Banks,212,0,11,0
Michel Teló,Ai Se Eu Te Pego - Live,0,11,1
Jennifer Lopez,Dance Again,0,11,0
ScHoolboy Q,Collard Greens,0,11,1
Nick Jonas,Jealous - Remix,0,11,0
AlunaGeorge,I'm In Control,0,11,0
Tory Lanez,LUV,0,11,0
Travis Scott,BUTTERFLY EFFECT,0,11,1
Drake,Passionfruit,0,11,1